"signalP3nn";"signalP41notm";"prot_name";"what";"type";"A";"C";"D";"E";"F";"G";"H";"I";"K";"L";"M";"N";"P";"Q";"R";"S";"T";"V";"W";"Y"
TRUE;TRUE;"MSP1_PLAYO";"mature protein";"count";135;19;83;170;46;79;16;103;171;152;21;116;88;78;41;135;135;88;2;76
TRUE;TRUE;"MSP1_PLAYO";"mature protein";"frequency";0,0769669327251995;0,0108323831242873;0,0473204104903079;0,096921322690992;0,0262257696693273;0,0450399087799316;0,00912200684150513;0,0587229190421893;0,0974914481185861;0,0866590649942987;0,0119726339794755;0,0661345496009122;0,0501710376282782;0,0444697833523375;0,0233751425313569;0,0769669327251995;0,0769669327251995;0,0501710376282782;0,00114025085518814;0,0433295324971494
TRUE;TRUE;"MSP1_PLAYO";"signal peptide";"count";1;1;0;0;4;1;0;2;3;2;1;0;0;0;0;1;0;2;0;0
TRUE;TRUE;"MSP1_PLAYO";"signal peptide";"frequency";0,0555555555555556;0,0555555555555556;0;0;0,222222222222222;0,0555555555555556;0;0,111111111111111;0,166666666666667;0,111111111111111;0,0555555555555556;0;0;0;0;0,0555555555555556;0;0,111111111111111;0;0
TRUE;TRUE;"MSP1_PLAYO";"signal peptide";"normalized frequency";0,721810699588477;5,12865497076023;0;0;8,47342995169082;1,23347398030942;0;1,89212513484358;1,70955165692008;1,28216374269006;4,64021164021164;0;0;0;0;0,721810699588477;0;2,21464646464646;0;0
TRUE;TRUE;"P230_PLAF7";"mature protein";"count";61;70;213;305;156;126;77;257;354;227;33;288;111;75;48;184;179;189;6;156
TRUE;TRUE;"P230_PLAF7";"mature protein";"frequency";0,0195826645264848;0,0224719101123595;0,0683788121990369;0,0979133226324237;0,0500802568218299;0,0404494382022472;0,0247191011235955;0,0825040128410915;0,113643659711075;0,0728731942215088;0,0105939004815409;0,0924558587479936;0,0356340288924559;0,0240770465489567;0,0154093097913323;0,0590690208667737;0,0574638844301766;0,0606741573033708;0,00192616372391653;0,0500802568218299
TRUE;TRUE;"P230_PLAF7";"signal peptide";"count";0;0;0;0;2;0;0;5;3;4;1;1;0;0;0;1;1;1;0;1
TRUE;TRUE;"P230_PLAF7";"signal peptide";"frequency";0;0;0;0;0,1;0;0;0,25;0,15;0,2;0,05;0,05;0;0;0;0,05;0,05;0,05;0;0,05
TRUE;TRUE;"P230_PLAF7";"signal peptide";"normalized frequency";0;0;0;0;1,99679487179487;0;0;3,03015564202335;1,31991525423729;2,74449339207048;4,71969696969697;0,540798611111111;0;0;0;0,846467391304348;0,870111731843575;0,824074074074074;0;0,998397435897436
TRUE;TRUE;"PF12_PLAF7";"mature protein";"count";7;13;13;17;21;9;6;28;29;23;7;35;14;5;7;38;21;16;1;12
TRUE;TRUE;"PF12_PLAF7";"mature protein";"frequency";0,0217391304347826;0,0403726708074534;0,0403726708074534;0,0527950310559006;0,0652173913043478;0,0279503105590062;0,0186335403726708;0,0869565217391304;0,0900621118012422;0,0714285714285714;0,0217391304347826;0,108695652173913;0,0434782608695652;0,015527950310559;0,0217391304347826;0,118012422360248;0,0652173913043478;0,0496894409937888;0,0031055900621118;0,0372670807453416
TRUE;TRUE;"PF12_PLAF7";"signal peptide";"count";0;2;0;1;1;2;0;3;3;5;1;0;0;0;0;3;0;2;0;2
TRUE;TRUE;"PF12_PLAF7";"signal peptide";"frequency";0;0,08;0;0,04;0,04;0,08;0;0,12;0,12;0,2;0,04;0;0;0;0;0,12;0;0,08;0;0,08
TRUE;TRUE;"PF12_PLAF7";"signal peptide";"normalized frequency";0;1,98153846153846;0;0,757647058823529;0,613333333333333;2,86222222222222;0;1,38;1,33241379310345;2,8;1,84;0;0;0;0;1,01684210526316;0;1,61;0;2,14666666666667
TRUE;TRUE;"PF41_PLAF7";"mature protein";"count";9;12;23;18;20;15;7;23;40;25;4;42;14;12;6;29;18;25;0;16
TRUE;TRUE;"PF41_PLAF7";"mature protein";"frequency";0,0251396648044693;0,0335195530726257;0,0642458100558659;0,0502793296089385;0,0558659217877095;0,0418994413407821;0,0195530726256983;0,0642458100558659;0,111731843575419;0,0698324022346369;0,0111731843575419;0,11731843575419;0,0391061452513966;0,0335195530726257;0,0167597765363128;0,0810055865921788;0,0502793296089385;0,0698324022346369;0;0,0446927374301676
TRUE;TRUE;"PF41_PLAF7";"signal peptide";"count";1;1;0;0;1;1;0;1;1;3;1;0;0;1;1;2;0;4;2;0
TRUE;TRUE;"PF41_PLAF7";"signal peptide";"frequency";0,05;0,05;0;0;0,05;0,05;0;0,05;0,05;0,15;0,05;0;0;0,05;0,05;0,1;0;0,2;0,1;0
TRUE;TRUE;"PF41_PLAF7";"signal peptide";"normalized frequency";1,98888888888889;1,49166666666667;0;0;0,895;1,19333333333333;0;0,778260869565217;0,4475;2,148;4,475;0;0;1,49166666666667;2,98333333333333;1,23448275862069;0;2,864;Inf;0
TRUE;TRUE;"SERA_PLAFG";"mature protein";"count";28;27;62;80;31;64;21;49;90;64;17;95;29;19;16;106;59;57;9;50
TRUE;TRUE;"SERA_PLAFG";"mature protein";"frequency";0,0287769784172662;0,0277492291880781;0,0637204522096608;0,0822199383350462;0,0318602261048304;0,065775950668037;0,0215827338129496;0,0503597122302158;0,092497430626927;0,065775950668037;0,0174717368961973;0,0976361767728674;0,0298047276464543;0,0195272353545735;0,0164439876670093;0,108941418293936;0,0606372045220966;0,0585817060637204;0,0092497430626927;0,0513874614594039
TRUE;TRUE;"SERA_PLAFG";"signal peptide";"count";0;1;0;0;3;0;0;3;1;2;1;1;0;0;0;2;0;1;0;1
TRUE;TRUE;"SERA_PLAFG";"signal peptide";"frequency";0;0,0625;0;0;0,1875;0;0;0,1875;0,0625;0,125;0,0625;0,0625;0;0;0;0,125;0;0,0625;0;0,0625
TRUE;TRUE;"SERA_PLAFG";"signal peptide";"normalized frequency";0;2,25231481481481;0;0;5,88508064516129;0;0;3,72321428571429;0,675694444444444;1,900390625;3,57720588235294;0,640131578947368;0;0;0;1,14740566037736;0;1,06688596491228;0;1,21625
TRUE;TRUE;"AMA1_PLACH";"mature protein";"count";25;16;36;44;22;28;8;38;57;32;10;40;25;19;19;34;27;27;5;25
TRUE;TRUE;"AMA1_PLACH";"mature protein";"frequency";0,0465549348230912;0,0297951582867784;0,0670391061452514;0,0819366852886406;0,0409683426443203;0,0521415270018622;0,0148975791433892;0,0707635009310987;0,106145251396648;0,0595903165735568;0,0186219739292365;0,074487895716946;0,0465549348230912;0,0353817504655493;0,0353817504655493;0,0633147113594041;0,0502793296089385;0,0502793296089385;0,00931098696461825;0,0465549348230912
TRUE;TRUE;"AMA1_PLACH";"signal peptide";"count";0;2;0;1;0;1;0;4;1;4;1;2;0;0;0;1;0;1;0;3
TRUE;TRUE;"AMA1_PLACH";"signal peptide";"frequency";0;0,0952380952380952;0;0,0476190476190476;0;0,0476190476190476;0;0,19047619047619;0,0476190476190476;0,19047619047619;0,0476190476190476;0,0952380952380952;0;0;0;0,0476190476190476;0;0,0476190476190476;0;0,142857142857143
TRUE;TRUE;"AMA1_PLACH";"signal peptide";"normalized frequency";0;3,19642857142857;0;0,581168831168831;0;0,913265306122449;0;2,69172932330827;0,448621553884712;3,19642857142857;2,55714285714286;1,27857142857143;0;0;0;0,752100840336134;0;0,947089947089947;0;3,06857142857143
TRUE;TRUE;"AMA1_PLAFF";"mature protein";"count";33;16;39;56;22;26;20;34;54;31;14;47;35;19;19;37;25;28;6;37
TRUE;TRUE;"AMA1_PLAFF";"mature protein";"frequency";0,0551839464882943;0,0267558528428094;0,0652173913043478;0,0936454849498328;0,0367892976588629;0,0434782608695652;0,0334448160535117;0,0568561872909699;0,0903010033444816;0,0518394648829431;0,0234113712374582;0,0785953177257525;0,0585284280936455;0,0317725752508361;0,0317725752508361;0,0618729096989967;0,0418060200668896;0,0468227424749164;0,0100334448160535;0,0618729096989967
TRUE;TRUE;"AMA1_PLAFF";"signal peptide";"count";1;1;0;1;3;2;0;1;1;4;2;1;0;0;2;1;1;1;0;2
TRUE;TRUE;"AMA1_PLAFF";"signal peptide";"frequency";0,0416666666666667;0,0416666666666667;0;0,0416666666666667;0,125;0,0833333333333333;0;0,0416666666666667;0,0416666666666667;0,166666666666667;0,0833333333333333;0,0416666666666667;0;0;0,0833333333333333;0,0416666666666667;0,0416666666666667;0,0416666666666667;0;0,0833333333333333
TRUE;TRUE;"AMA1_PLAFF";"signal peptide";"normalized frequency";0,755050505050505;1,55729166666667;0;0,444940476190476;3,39772727272727;1,91666666666667;0;0,732843137254902;0,46141975308642;3,21505376344086;3,55952380952381;0,530141843971631;0;0;2,62280701754386;0,673423423423423;0,996666666666667;0,889880952380952;0;1,34684684684685
TRUE;TRUE;"CATC_PLAF7";"mature protein";"count";22;16;41;46;26;46;15;37;50;53;10;79;23;22;22;42;41;30;13;39
TRUE;TRUE;"CATC_PLAF7";"mature protein";"frequency";0,0326894502228826;0,0237741456166419;0,0609212481426449;0,0683506686478455;0,0386329866270431;0,0683506686478455;0,0222882615156018;0,0549777117384844;0,0742942050520059;0,0787518573551263;0,0148588410104012;0,117384843982169;0,0341753343239227;0,0326894502228826;0,0326894502228826;0,062407132243685;0,0609212481426449;0,0445765230312036;0,0193164933135215;0,0579494799405646
TRUE;TRUE;"CATC_PLAF7";"signal peptide";"count";2;1;0;0;3;0;1;3;2;5;1;1;0;0;1;3;0;4;0;0
TRUE;TRUE;"CATC_PLAF7";"signal peptide";"frequency";0,0740740740740741;0,037037037037037;0;0;0,111111111111111;0;0,037037037037037;0,111111111111111;0,0740740740740741;0,185185185185185;0,037037037037037;0,037037037037037;0;0;0,037037037037037;0,111111111111111;0;0,148148148148148;0;0
TRUE;TRUE;"CATC_PLAF7";"signal peptide";"normalized frequency";2,26599326599327;1,55787037037037;0;0;2,87606837606838;0;1,66172839506173;2,02102102102102;0,997037037037037;2,35150244584207;2,49259259259259;0,315518049695265;0;0;1,13299663299663;1,78042328042328;0;3,32345679012346;0;0
TRUE;TRUE;"CSP_PLABE";"mature protein";"count";18;5;21;12;5;9;1;14;20;15;2;57;74;21;12;11;5;9;1;4
TRUE;TRUE;"CSP_PLABE";"mature protein";"frequency";0,0569620253164557;0,0158227848101266;0,0664556962025316;0,0379746835443038;0,0158227848101266;0,0284810126582278;0,00316455696202532;0,0443037974683544;0,0632911392405063;0,0474683544303797;0,00632911392405063;0,180379746835443;0,234177215189873;0,0664556962025316;0,0379746835443038;0,0348101265822785;0,0158227848101266;0,0284810126582278;0,00316455696202532;0,0126582278481013
TRUE;TRUE;"CSP_PLABE";"signal peptide";"count";1;1;0;0;0;2;0;1;2;6;1;1;1;0;0;2;1;3;0;1
TRUE;TRUE;"CSP_PLABE";"signal peptide";"frequency";0,0434782608695652;0,0434782608695652;0;0;0;0,0869565217391304;0;0,0434782608695652;0,0869565217391304;0,260869565217391;0,0434782608695652;0,0434782608695652;0,0434782608695652;0;0;0,0869565217391304;0,0434782608695652;0,130434782608696;0;0,0434782608695652
TRUE;TRUE;"CSP_PLABE";"signal peptide";"normalized frequency";0,763285024154589;2,74782608695652;0;0;0;3,05314009661836;0;0,981366459627329;1,37391304347826;5,49565217391304;6,8695652173913;0,241037376048818;0,18566392479436;0;0;2,49802371541502;2,74782608695652;4,57971014492754;0;3,43478260869565
TRUE;TRUE;"CSP_PLAFO";"mature protein";"count";46;5;16;17;4;13;3;8;21;16;4;117;52;8;5;18;4;13;2;9
TRUE;TRUE;"CSP_PLAFO";"mature protein";"frequency";0,120734908136483;0,0131233595800525;0,041994750656168;0,0446194225721785;0,010498687664042;0,0341207349081365;0,0078740157480315;0,020997375328084;0,0551181102362205;0,041994750656168;0,010498687664042;0,307086614173228;0,136482939632546;0,020997375328084;0,0131233595800525;0,047244094488189;0,010498687664042;0,0341207349081365;0,005249343832021;0,0236220472440945
TRUE;TRUE;"CSP_PLAFO";"signal peptide";"count";1;0;0;0;2;0;0;1;1;3;2;0;0;0;1;3;0;2;0;0
TRUE;TRUE;"CSP_PLAFO";"signal peptide";"frequency";0,0625;0;0;0;0,125;0;0;0,0625;0,0625;0,1875;0,125;0;0;0;0,0625;0,1875;0;0,125;0;0
TRUE;TRUE;"CSP_PLAFO";"signal peptide";"normalized frequency";0,517663043478261;0;0;0;11,90625;0;0;2,9765625;1,13392857142857;4,46484375;11,90625;0;0;0;4,7625;3,96875;0;3,66346153846154;0;0
TRUE;TRUE;"CSP_PLABR";"mature protein";"count";129;5;21;19;4;72;4;9;22;17;0;95;6;3;8;19;10;13;1;5
TRUE;TRUE;"CSP_PLABR";"mature protein";"frequency";0,279220779220779;0,0108225108225108;0,0454545454545455;0,0411255411255411;0,00865800865800866;0,155844155844156;0,00865800865800866;0,0194805194805195;0,0476190476190476;0,0367965367965368;0;0,205627705627706;0,012987012987013;0,00649350649350649;0,0173160173160173;0,0411255411255411;0,0216450216450216;0,0281385281385281;0,00216450216450216;0,0108225108225108
TRUE;TRUE;"CSP_PLABR";"signal peptide";"count";1;0;1;0;3;1;1;2;2;4;1;0;1;0;0;3;0;2;0;1
TRUE;TRUE;"CSP_PLABR";"signal peptide";"frequency";0,0434782608695652;0;0,0434782608695652;0;0,130434782608696;0,0434782608695652;0,0434782608695652;0,0869565217391304;0,0869565217391304;0,173913043478261;0,0434782608695652;0;0,0434782608695652;0;0;0,130434782608696;0;0,0869565217391304;0;0,0434782608695652
TRUE;TRUE;"CSP_PLABR";"signal peptide";"normalized frequency";0,155712841253792;0;0,956521739130435;0;15,0652173913043;0,278985507246377;5,02173913043478;4,46376811594203;1,82608695652174;4,72634271099744;Inf;0;3,34782608695652;0;0;3,17162471395881;0;3,09030100334448;0;4,01739130434783
TRUE;TRUE;"CSP_PLAKH";"mature protein";"count";50;4;20;17;4;59;4;5;21;13;2;33;20;45;10;11;7;17;1;1
TRUE;TRUE;"CSP_PLAKH";"mature protein";"frequency";0,145348837209302;0,0116279069767442;0,0581395348837209;0,0494186046511628;0,0116279069767442;0,171511627906977;0,0116279069767442;0,0145348837209302;0,061046511627907;0,0377906976744186;0,00581395348837209;0,0959302325581395;0,0581395348837209;0,130813953488372;0,0290697674418605;0,0319767441860465;0,0203488372093023;0,0494186046511628;0,00290697674418605;0,00290697674418605
TRUE;TRUE;"CSP_PLAKH";"signal peptide";"count";1;0;1;0;1;0;0;2;1;6;1;1;1;0;0;2;0;2;0;0
TRUE;TRUE;"CSP_PLAKH";"signal peptide";"frequency";0,0526315789473684;0;0,0526315789473684;0;0,0526315789473684;0;0;0,105263157894737;0,0526315789473684;0,315789473684211;0,0526315789473684;0,0526315789473684;0,0526315789473684;0;0;0,105263157894737;0;0,105263157894737;0;0
TRUE;TRUE;"CSP_PLAKH";"signal peptide";"normalized frequency";0,362105263157895;0;0,905263157894737;0;4,52631578947368;0;0;7,24210526315789;0,862155388471178;8,35627530364373;9,05263157894737;0,548644338118022;0,905263157894737;0;0;3,29186602870813;0;2,13003095975232;0;0
TRUE;TRUE;"ISPF_PLAF7";"mature protein";"count";8;3;12;10;8;15;4;30;28;20;0;26;3;5;5;13;6;11;0;9
TRUE;TRUE;"ISPF_PLAF7";"mature protein";"frequency";0,037037037037037;0,0138888888888889;0,0555555555555556;0,0462962962962963;0,037037037037037;0,0694444444444444;0,0185185185185185;0,138888888888889;0,12962962962963;0,0925925925925926;0;0,12037037037037;0,0138888888888889;0,0231481481481481;0,0231481481481481;0,0601851851851852;0,0277777777777778;0,0509259259259259;0;0,0416666666666667
TRUE;TRUE;"ISPF_PLAF7";"signal peptide";"count";0;0;0;1;3;1;0;3;2;5;1;1;0;0;0;1;3;2;0;1
TRUE;TRUE;"ISPF_PLAF7";"signal peptide";"frequency";0;0;0;0,0416666666666667;0,125;0,0416666666666667;0;0,125;0,0833333333333333;0,208333333333333;0,0416666666666667;0,0416666666666667;0;0;0;0,0416666666666667;0,125;0,0833333333333333;0;0,0416666666666667
TRUE;TRUE;"ISPF_PLAF7";"signal peptide";"normalized frequency";0;0;0;0,9;3,375;0,6;0;0,9;0,642857142857143;2,25;Inf;0,346153846153846;0;0;0;0,692307692307692;4,5;1,63636363636364;NA;1
TRUE;TRUE;"KNOB_PLAFG";"mature protein";"count";57;11;30;48;9;65;49;4;84;13;3;45;23;30;10;44;35;20;0;20
TRUE;TRUE;"KNOB_PLAFG";"mature protein";"frequency";0,095;0,0183333333333333;0,05;0,08;0,015;0,108333333333333;0,0816666666666667;0,00666666666666667;0,14;0,0216666666666667;0,005;0,075;0,0383333333333333;0,05;0,0166666666666667;0,0733333333333333;0,0583333333333333;0,0333333333333333;0;0,0333333333333333
TRUE;TRUE;"KNOB_PLAFG";"signal peptide";"count";1;1;0;0;4;0;0;1;7;5;1;2;1;0;2;2;2;4;1;0
TRUE;TRUE;"KNOB_PLAFG";"signal peptide";"frequency";0,0294117647058824;0,0294117647058824;0;0;0,117647058823529;0;0;0,0294117647058824;0,205882352941176;0,147058823529412;0,0294117647058824;0,0588235294117647;0,0294117647058824;0;0,0588235294117647;0,0588235294117647;0,0588235294117647;0,117647058823529;0,0294117647058824;0
TRUE;TRUE;"KNOB_PLAFG";"signal peptide";"normalized frequency";0,309597523219814;1,60427807486631;0;0;7,84313725490196;0;0;4,41176470588235;1,47058823529412;6,78733031674208;5,88235294117647;0,784313725490196;0,767263427109975;0;3,52941176470588;0,802139037433155;1,00840336134454;3,52941176470588;Inf;0
TRUE;FALSE;"LIPA_PLAKH";"mature protein";"count";26;10;19;33;15;25;10;19;46;32;13;20;19;14;27;24;23;26;4;14
TRUE;FALSE;"LIPA_PLAKH";"mature protein";"frequency";0,0620525059665871;0,0238663484486874;0,045346062052506;0,0787589498806683;0,035799522673031;0,0596658711217184;0,0238663484486874;0,045346062052506;0,109785202863962;0,0763723150357995;0,0310262529832936;0,0477326968973747;0,045346062052506;0,0334128878281623;0,0644391408114559;0,0572792362768496;0,0548926014319809;0,0620525059665871;0,00954653937947494;0,0334128878281623
TRUE;FALSE;"LIPA_PLAKH";"signal peptide";"count";1;2;0;0;4;1;0;2;1;2;1;0;1;0;2;1;1;2;0;2
TRUE;FALSE;"LIPA_PLAKH";"signal peptide";"frequency";0,0434782608695652;0,0869565217391304;0;0;0,173913043478261;0,0434782608695652;0;0,0869565217391304;0,0434782608695652;0,0869565217391304;0,0434782608695652;0;0,0434782608695652;0;0,0869565217391304;0,0434782608695652;0,0434782608695652;0,0869565217391304;0;0,0869565217391304
TRUE;FALSE;"LIPA_PLAKH";"signal peptide";"normalized frequency";0,70066889632107;3,64347826086957;0;0;4,85797101449275;0,728695652173913;0;1,91762013729977;0,396030245746692;1,13858695652174;1,40133779264214;0;0,958810068649886;0;1,34943639291465;0,759057971014493;0,792060491493384;1,40133779264214;0;2,60248447204969
TRUE;TRUE;"LIPA_PLAYO";"mature protein";"count";24;12;27;35;16;25;9;38;56;33;9;43;18;17;19;26;23;32;3;21
TRUE;TRUE;"LIPA_PLAYO";"mature protein";"frequency";0,0493827160493827;0,0246913580246914;0,0555555555555556;0,0720164609053498;0,0329218106995885;0,051440329218107;0,0185185185185185;0,0781893004115226;0,11522633744856;0,0679012345679012;0,0185185185185185;0,088477366255144;0,037037037037037;0,0349794238683128;0,0390946502057613;0,0534979423868313;0,0473251028806584;0,065843621399177;0,00617283950617284;0,0432098765432099
TRUE;TRUE;"LIPA_PLAYO";"signal peptide";"count";0;0;0;0;4;0;0;1;0;3;1;1;1;0;0;2;0;2;0;1
TRUE;TRUE;"LIPA_PLAYO";"signal peptide";"frequency";0;0;0;0;0,25;0;0;0,0625;0;0,1875;0,0625;0,0625;0,0625;0;0;0,125;0;0,125;0;0,0625
TRUE;TRUE;"LIPA_PLAYO";"signal peptide";"normalized frequency";0;0;0;0;7,59375;0;0;0,799342105263158;0;2,76136363636364;3,375;0,706395348837209;1,6875;0;0;2,33653846153846;0;1,8984375;0;1,44642857142857
TRUE;TRUE;"LIPA_PLAF7";"mature protein";"count";18;9;20;22;13;22;7;28;49;33;7;32;18;10;15;19;24;23;3;20
TRUE;TRUE;"LIPA_PLAF7";"mature protein";"frequency";0,0459183673469388;0,0229591836734694;0,0510204081632653;0,0561224489795918;0,0331632653061225;0,0561224489795918;0,0178571428571429;0,0714285714285714;0,125;0,0841836734693878;0,0178571428571429;0,0816326530612245;0,0459183673469388;0,0255102040816327;0,038265306122449;0,048469387755102;0,0612244897959184;0,0586734693877551;0,0076530612244898;0,0510204081632653
TRUE;TRUE;"LIPA_PLAF7";"signal peptide";"count";0;1;0;0;3;1;1;5;1;3;2;0;1;0;1;2;0;0;0;2
TRUE;TRUE;"LIPA_PLAF7";"signal peptide";"frequency";0;0,0434782608695652;0;0;0,130434782608696;0,0434782608695652;0,0434782608695652;0,217391304347826;0,0434782608695652;0,130434782608696;0,0869565217391304;0;0,0434782608695652;0;0,0434782608695652;0,0869565217391304;0;0;0;0,0869565217391304
TRUE;TRUE;"LIPA_PLAF7";"signal peptide";"normalized frequency";0;1,89371980676328;0;0;3,93311036789298;0,774703557312253;2,43478260869565;3,04347826086957;0,347826086956522;1,54940711462451;4,8695652173913;0;0,946859903381642;0;1,13623188405797;1,79405034324943;0;0;0;1,70434782608696
FALSE;FALSE;"MSA2_PLAF7";"mature protein";"count";27;2;8;17;4;26;5;7;14;6;3;28;13;14;3;36;31;6;0;2
FALSE;FALSE;"MSA2_PLAF7";"mature protein";"frequency";0,107142857142857;0,00793650793650794;0,0317460317460317;0,0674603174603175;0,0158730158730159;0,103174603174603;0,0198412698412698;0,0277777777777778;0,0555555555555556;0,0238095238095238;0,0119047619047619;0,111111111111111;0,0515873015873016;0,0555555555555556;0,0119047619047619;0,142857142857143;0,123015873015873;0,0238095238095238;0;0,00793650793650794
FALSE;FALSE;"MSA2_PLAF7";"signal peptide";"count";0;0;0;0;4;0;0;5;2;1;1;2;0;0;0;1;2;2;0;0
FALSE;FALSE;"MSA2_PLAF7";"signal peptide";"frequency";0;0;0;0;0,2;0;0;0,25;0,1;0,05;0,05;0,1;0;0;0;0,05;0,1;0,1;0;0
FALSE;FALSE;"MSA2_PLAF7";"signal peptide";"normalized frequency";0;0;0;0;12,6;0;0;9;1,8;2,1;4,2;0,9;0;0;0;0,35;0,812903225806452;4,2;NA;0
FALSE;TRUE;"AMA1_PLAFR";"mature protein";"count";35;17;35;45;25;25;9;26;50;31;18;41;27;21;24;35;20;28;5;24
FALSE;TRUE;"AMA1_PLAFR";"mature protein";"frequency";0,0646950092421442;0,0314232902033272;0,0646950092421442;0,0831792975970425;0,0462107208872458;0,0462107208872458;0,0166358595194085;0,0480591497227357;0,0924214417744917;0,0573012939001848;0,033271719038817;0,0757855822550832;0,0499075785582255;0,0388170055452865;0,044362292051756;0,0646950092421442;0,0369685767097967;0,0517560073937153;0,00924214417744917;0,044362292051756
FALSE;TRUE;"AMA1_PLAFR";"signal peptide";"count";1;3;0;0;1;1;1;2;2;3;2;1;0;1;0;1;0;1;0;1
FALSE;TRUE;"AMA1_PLAFR";"signal peptide";"frequency";0,0476190476190476;0,142857142857143;0;0;0,0476190476190476;0,0476190476190476;0,0476190476190476;0,0952380952380952;0,0952380952380952;0,142857142857143;0,0952380952380952;0,0476190476190476;0;0,0476190476190476;0;0,0476190476190476;0;0,0476190476190476;0;0,0476190476190476
FALSE;TRUE;"AMA1_PLAFR";"signal peptide";"normalized frequency";0,736054421768707;4,54621848739496;0;0;1,03047619047619;1,03047619047619;2,86243386243386;1,98168498168498;1,03047619047619;2,49308755760369;2,86243386243386;0,628339140534262;0;1,22675736961451;0;0,736054421768707;0;0,920068027210884;0;1,0734126984127
TRUE;TRUE;"ASP_PLAFS";"mature protein";"count";6;2;50;22;12;8;6;17;21;17;3;15;9;7;6;5;8;8;5;4
TRUE;TRUE;"ASP_PLAFS";"mature protein";"frequency";0,025974025974026;0,00865800865800866;0,216450216450216;0,0952380952380952;0,051948051948052;0,0346320346320346;0,025974025974026;0,0735930735930736;0,0909090909090909;0,0735930735930736;0,012987012987013;0,0649350649350649;0,038961038961039;0,0303030303030303;0,025974025974026;0,0216450216450216;0,0346320346320346;0,0346320346320346;0,0216450216450216;0,0173160173160173
TRUE;TRUE;"ASP_PLAFS";"signal peptide";"count";0;0;0;0;11;0;0;3;1;1;1;0;0;1;0;0;0;2;0;2
TRUE;TRUE;"ASP_PLAFS";"signal peptide";"frequency";0;0;0;0;0,5;0;0;0,136363636363636;0,0454545454545455;0,0454545454545455;0,0454545454545455;0;0;0,0454545454545455;0;0;0;0,0909090909090909;0;0,0909090909090909
TRUE;TRUE;"ASP_PLAFS";"signal peptide";"normalized frequency";0;0;0;0;9,625;0;0;1,85294117647059;0,5;0,617647058823529;3,5;0;0;1,5;0;0;0;2,625;0;5,25
TRUE;TRUE;"CRA_PLAFA";"mature protein";"count";8;0;11;12;1;15;3;4;16;13;1;11;9;4;2;14;7;13;0;2
TRUE;TRUE;"CRA_PLAFA";"mature protein";"frequency";0,0547945205479452;0;0,0753424657534247;0,0821917808219178;0,00684931506849315;0,102739726027397;0,0205479452054795;0,0273972602739726;0,10958904109589;0,089041095890411;0,00684931506849315;0,0753424657534247;0,0616438356164384;0,0273972602739726;0,0136986301369863;0,0958904109589041;0,0479452054794521;0,089041095890411;0;0,0136986301369863
TRUE;TRUE;"CRA_PLAFA";"signal peptide";"count";1;0;0;0;5;0;0;3;1;3;1;0;0;0;0;1;0;1;0;0
TRUE;TRUE;"CRA_PLAFA";"signal peptide";"frequency";0,0625;0;0;0;0,3125;0;0;0,1875;0,0625;0,1875;0,0625;0;0;0;0;0,0625;0;0,0625;0;0
TRUE;TRUE;"CRA_PLAFA";"signal peptide";"normalized frequency";1,140625;NA;0;0;45,625;0;0;6,84375;0,5703125;2,10576923076923;9,125;0;0;0;0;0,651785714285714;0;0,701923076923077;NA;0
TRUE;TRUE;"GRP78_PLAFO";"mature protein";"count";42;2;49;54;23;44;6;53;62;49;7;36;24;28;23;25;38;52;1;13
TRUE;TRUE;"GRP78_PLAFO";"mature protein";"frequency";0,0665610142630745;0,00316957210776545;0,0776545166402536;0,0855784469096672;0,0364500792393027;0,0697305863708399;0,00950871632329636;0,0839936608557845;0,098256735340729;0,0776545166402536;0,0110935023771791;0,0570522979397781;0,0380348652931854;0,0443740095087163;0,0364500792393027;0,0396196513470681;0,0602218700475436;0,0824088748019017;0,00158478605388273;0,0206022187004754
TRUE;TRUE;"GRP78_PLAFO";"signal peptide";"count";1;0;1;0;1;0;0;4;1;5;1;1;1;1;1;3;0;2;0;1
TRUE;TRUE;"GRP78_PLAFO";"signal peptide";"frequency";0,0416666666666667;0;0,0416666666666667;0;0,0416666666666667;0;0;0,166666666666667;0,0416666666666667;0,208333333333333;0,0416666666666667;0,0416666666666667;0,0416666666666667;0,0416666666666667;0,0416666666666667;0,125;0;0,0833333333333333;0;0,0416666666666667
TRUE;TRUE;"GRP78_PLAFO";"signal peptide";"normalized frequency";0,625992063492063;0;0,53656462585034;0;1,14311594202899;0;0;1,98427672955975;0,424059139784946;2,6828231292517;3,75595238095238;0,730324074074074;1,09548611111111;0,938988095238095;1,14311594202899;3,155;0;1,01121794871795;0;2,0224358974359
FALSE;FALSE;"HRP2_PLAFA";"mature protein";"count";65;1;19;2;5;8;68;0;4;7;0;28;0;1;1;6;3;2;0;0
FALSE;FALSE;"HRP2_PLAFA";"mature protein";"frequency";0,295454545454545;0,00454545454545455;0,0863636363636364;0,00909090909090909;0,0227272727272727;0,0363636363636364;0,309090909090909;0;0,0181818181818182;0,0318181818181818;0;0,127272727272727;0;0,00454545454545455;0,00454545454545455;0,0272727272727273;0,0136363636363636;0,00909090909090909;0;0
FALSE;FALSE;"HRP2_PLAFA";"signal peptide";"count";3;0;0;0;2;0;0;0;2;4;1;1;0;0;0;4;0;4;0;0
FALSE;FALSE;"HRP2_PLAFA";"signal peptide";"frequency";0,142857142857143;0;0;0;0,0952380952380952;0;0;0;0,0952380952380952;0,19047619047619;0,0476190476190476;0,0476190476190476;0;0;0;0,19047619047619;0;0,19047619047619;0;0
FALSE;FALSE;"HRP2_PLAFA";"signal peptide";"normalized frequency";0,483516483516483;0;0;0;4,19047619047619;0;0;NA;5,23809523809524;5,98639455782313;Inf;0,374149659863946;NA;0;0;6,98412698412698;0;20,952380952381;NA;NA
TRUE;TRUE;"MSP1_PLAFM";"mature protein";"count";55;17;101;150;55;63;29;106;211;186;17;146;60;60;22;138;107;88;0;71
TRUE;TRUE;"MSP1_PLAFM";"mature protein";"frequency";0,0326991676575505;0,0101070154577883;0,0600475624256837;0,089179548156956;0,0326991676575505;0,0374554102259215;0,0172413793103448;0,0630202140309156;0,125445897740785;0,110582639714625;0,0101070154577883;0,0868014268727705;0,0356718192627824;0,0356718192627824;0,0130796670630202;0,0820451843043995;0,0636147443519619;0,0523186682520809;0;0,0422116527942925
TRUE;TRUE;"MSP1_PLAFM";"signal peptide";"count";0;2;0;0;5;0;0;4;1;2;1;1;0;1;0;1;1;0;0;0
TRUE;TRUE;"MSP1_PLAFM";"signal peptide";"frequency";0;0,105263157894737;0;0;0,263157894736842;0;0;0,210526315789474;0,0526315789473684;0,105263157894737;0,0526315789473684;0,0526315789473684;0;0,0526315789473684;0;0,0526315789473684;0,0526315789473684;0;0;0
TRUE;TRUE;"MSP1_PLAFM";"signal peptide";"normalized frequency";0;10,4148606811146;0;0;8,04784688995215;0;0;3,34061569016882;0,419555999002245;0,951895868704018;5,20743034055728;0,606344628695025;0;1,47543859649123;0;0,641495041952708;0,827348745696016;0;NA;0
TRUE;TRUE;"OS25_PLARE";"mature protein";"count";5;23;14;12;8;12;1;13;24;13;4;18;5;1;0;13;12;17;0;6
TRUE;TRUE;"OS25_PLARE";"mature protein";"frequency";0,0248756218905473;0,114427860696517;0,0696517412935323;0,0597014925373134;0,0398009950248756;0,0597014925373134;0,00497512437810945;0,0646766169154229;0,119402985074627;0,0646766169154229;0,0199004975124378;0,0895522388059701;0,0248756218905473;0,00497512437810945;0;0,0646766169154229;0,0597014925373134;0,0845771144278607;0;0,0298507462686567
TRUE;TRUE;"OS25_PLARE";"signal peptide";"count";0;0;0;0;3;0;0;1;1;5;1;1;0;1;0;2;0;0;0;1
TRUE;TRUE;"OS25_PLARE";"signal peptide";"frequency";0;0;0;0;0,1875;0;0;0,0625;0,0625;0,3125;0,0625;0,0625;0;0,0625;0;0,125;0;0;0;0,0625
TRUE;TRUE;"OS25_PLARE";"signal peptide";"normalized frequency";0;0;0;0;4,7109375;0;0;0,966346153846154;0,5234375;4,83173076923077;3,140625;0,697916666666667;0;12,5625;NA;1,93269230769231;0;0;NA;2,09375
TRUE;TRUE;"OS28_PLAGA";"mature protein";"count";8;20;15;14;4;20;3;13;17;10;2;21;9;3;3;13;7;6;1;12
TRUE;TRUE;"OS28_PLAGA";"mature protein";"frequency";0,0398009950248756;0,0995024875621891;0,0746268656716418;0,0696517412935323;0,0199004975124378;0,0995024875621891;0,0149253731343284;0,0646766169154229;0,0845771144278607;0,0497512437810945;0,00995024875621891;0,104477611940299;0,0447761194029851;0,0149253731343284;0,0149253731343284;0,0646766169154229;0,0348258706467662;0,0298507462686567;0,00497512437810945;0,0597014925373134
TRUE;TRUE;"OS28_PLAGA";"signal peptide";"count";2;0;0;0;4;0;0;6;1;2;1;0;1;1;0;1;1;0;0;1
TRUE;TRUE;"OS28_PLAGA";"signal peptide";"frequency";0,0952380952380952;0;0;0;0,19047619047619;0;0;0,285714285714286;0,0476190476190476;0,0952380952380952;0,0476190476190476;0;0,0476190476190476;0,0476190476190476;0;0,0476190476190476;0,0476190476190476;0;0;0,0476190476190476
TRUE;TRUE;"OS28_PLAGA";"signal peptide";"normalized frequency";2,39285714285714;0;0;0;9,57142857142857;0;0;4,41758241758242;0,563025210084034;1,91428571428571;4,78571428571429;0;1,06349206349206;3,19047619047619;0;0,736263736263736;1,36734693877551;0;0;0,797619047619048
TRUE;FALSE;"P230P_PLAF7";"mature protein";"count";29;57;151;176;136;82;54;270;278;179;28;249;80;57;53;195;133;111;7;149
TRUE;FALSE;"P230P_PLAF7";"mature protein";"frequency";0,0117219078415521;0,0230396119644301;0,061034761519806;0,0711398544866613;0,0549717057396928;0,0331447049312854;0,0218270008084074;0,109135004042037;0,112368633791431;0,0723524656426839;0,0113177041228779;0,100646725949879;0,0323362974939369;0,0230396119644301;0,0214227970897332;0,0788197251414713;0,0537590945836702;0,0448666127728375;0,00282942603071948;0,0602263540824576
TRUE;FALSE;"P230P_PLAF7";"signal peptide";"count";0;0;1;0;10;0;0;2;3;5;2;0;0;0;1;0;2;2;0;6
TRUE;FALSE;"P230P_PLAF7";"signal peptide";"frequency";0;0;0,0294117647058824;0;0,294117647058824;0;0;0,0588235294117647;0,0882352941176471;0,147058823529412;0,0588235294117647;0;0;0;0,0294117647058824;0;0,0588235294117647;0,0588235294117647;0;0,176470588235294
TRUE;FALSE;"P230P_PLAF7";"signal peptide";"normalized frequency";0;0;0,481885469419556;0;5,35034602076125;0;0;0,538997821350763;0,785230639018197;2,03253368386461;5,19747899159664;0;0;0;1,37291897891232;0;1,09420610349403;1,31107578166402;0;2,93012238452428
TRUE;TRUE;"P4548_PLAF7";"mature protein";"count";10;16;24;33;28;15;10;41;39;31;3;33;18;5;8;36;23;24;0;24
TRUE;TRUE;"P4548_PLAF7";"mature protein";"frequency";0,0237529691211401;0,0380047505938242;0,0570071258907363;0,0783847980997625;0,0665083135391924;0,0356294536817102;0,0237529691211401;0,0973871733966746;0,0926365795724466;0,0736342042755344;0,00712589073634204;0,0783847980997625;0,0427553444180523;0,0118764845605701;0,0190023752969121;0,0855106888361045;0,0546318289786223;0,0570071258907363;0;0,0570071258907363
TRUE;TRUE;"P4548_PLAF7";"signal peptide";"count";3;0;0;0;1;1;0;5;2;4;2;0;0;1;1;2;0;3;0;2
TRUE;TRUE;"P4548_PLAF7";"signal peptide";"frequency";0,111111111111111;0;0;0;0,037037037037037;0,037037037037037;0;0,185185185185185;0,0740740740740741;0,148148148148148;0,0740740740740741;0;0;0,037037037037037;0,037037037037037;0,0740740740740741;0;0,111111111111111;0;0,0740740740740741
TRUE;TRUE;"P4548_PLAF7";"signal peptide";"normalized frequency";4,67777777777778;0;0;0;0,556878306878307;1,03950617283951;0;1,90153568202349;0,799620132953466;2,01194743130227;10,3950617283951;0;0;3,11851851851852;1,94907407407407;0,866255144032922;0;1,94907407407407;NA;1,29938271604938
TRUE;TRUE;"P4548_PLABA";"mature protein";"count";13;15;28;29;26;17;7;52;39;31;5;36;17;12;6;27;20;17;1;27
TRUE;TRUE;"P4548_PLABA";"mature protein";"frequency";0,0305882352941176;0,0352941176470588;0,0658823529411765;0,0682352941176471;0,0611764705882353;0,04;0,0164705882352941;0,122352941176471;0,0917647058823529;0,0729411764705882;0,0117647058823529;0,0847058823529412;0,04;0,0282352941176471;0,0141176470588235;0,0635294117647059;0,0470588235294118;0,04;0,00235294117647059;0,0635294117647059
TRUE;TRUE;"P4548_PLABA";"signal peptide";"count";0;0;0;0;11;2;0;1;1;3;1;1;0;0;1;3;0;3;0;3
TRUE;TRUE;"P4548_PLABA";"signal peptide";"frequency";0;0;0;0;0,366666666666667;0,0666666666666667;0;0,0333333333333333;0,0333333333333333;0,1;0,0333333333333333;0,0333333333333333;0;0;0,0333333333333333;0,1;0;0,1;0;0,1
TRUE;TRUE;"P4548_PLABA";"signal peptide";"normalized frequency";0;0;0;0;5,99358974358974;1,66666666666667;0;0,272435897435897;0,363247863247863;1,37096774193548;2,83333333333333;0,393518518518519;0;0;2,36111111111111;1,57407407407407;0;2,5;0;1,57407407407407
TRUE;TRUE;"PF12P_PLAF7";"mature protein";"count";3;12;27;18;25;13;9;37;27;26;6;61;14;5;9;15;15;12;0;17
TRUE;TRUE;"PF12P_PLAF7";"mature protein";"frequency";0,00854700854700855;0,0341880341880342;0,0769230769230769;0,0512820512820513;0,0712250712250712;0,037037037037037;0,0256410256410256;0,105413105413105;0,0769230769230769;0,0740740740740741;0,0170940170940171;0,173789173789174;0,0398860398860399;0,0142450142450142;0,0256410256410256;0,0427350427350427;0,0427350427350427;0,0341880341880342;0;0,0484330484330484
TRUE;TRUE;"PF12P_PLAF7";"signal peptide";"count";1;1;0;0;6;0;1;5;0;1;1;0;1;0;0;2;0;1;0;0
TRUE;TRUE;"PF12P_PLAF7";"signal peptide";"frequency";0,05;0,05;0;0;0,3;0;0,05;0,25;0;0,05;0,05;0;0,05;0;0;0,1;0;0,05;0;0
TRUE;TRUE;"PF12P_PLAF7";"signal peptide";"normalized frequency";5,85;1,4625;0;0;4,212;0;1,95;2,37162162162162;0;0,675;2,925;0;1,25357142857143;0;0;2,34;0;1,4625;NA;0
TRUE;TRUE;"PF07_PLAF7";"mature protein";"count";15;10;84;78;55;22;25;102;122;93;23;161;15;38;29;72;41;48;1;64
TRUE;TRUE;"PF07_PLAF7";"mature protein";"frequency";0,0136612021857923;0,00910746812386157;0,0765027322404372;0,0710382513661202;0,0500910746812386;0,0200364298724954;0,0227686703096539;0,092896174863388;0,111111111111111;0,0846994535519126;0,0209471766848816;0,146630236794171;0,0136612021857923;0,034608378870674;0,0264116575591985;0,0655737704918033;0,0373406193078324;0,0437158469945355;0,000910746812386157;0,058287795992714
TRUE;TRUE;"PF07_PLAF7";"signal peptide";"count";0;1;0;0;3;0;0;6;0;2;1;2;0;1;0;2;0;0;0;3
TRUE;TRUE;"PF07_PLAF7";"signal peptide";"frequency";0;0,0476190476190476;0;0;0,142857142857143;0;0;0,285714285714286;0;0,0952380952380952;0,0476190476190476;0,0952380952380952;0;0,0476190476190476;0;0,0952380952380952;0;0;0;0,142857142857143
TRUE;TRUE;"PF07_PLAF7";"signal peptide";"normalized frequency";0;5,22857142857143;0;0;2,85194805194805;0;0;3,07563025210084;0;1,12442396313364;2,27329192546584;0,649511978704525;0;1,37593984962406;0;1,45238095238095;0;0;0;2,45089285714286
FALSE;FALSE;"PF36P_PLAF7";"mature protein";"count";6;13;32;22;20;11;12;37;34;28;7;72;12;9;13;38;22;18;1;30
FALSE;FALSE;"PF36P_PLAF7";"mature protein";"frequency";0,0137299771167048;0,0297482837528604;0,0732265446224256;0,0503432494279176;0,045766590389016;0,0251716247139588;0,0274599542334096;0,0846681922196796;0,0778032036613272;0,0640732265446224;0,0160183066361556;0,164759725400458;0,0274599542334096;0,0205949656750572;0,0297482837528604;0,0869565217391304;0,0503432494279176;0,0411899313501144;0,0022883295194508;0,068649885583524
FALSE;FALSE;"PF36P_PLAF7";"signal peptide";"count";0;1;0;0;8;0;2;6;3;4;3;5;0;0;1;1;1;3;0;3
FALSE;FALSE;"PF36P_PLAF7";"signal peptide";"frequency";0;0,024390243902439;0;0;0,195121951219512;0;0,0487804878048781;0,146341463414634;0,0731707317073171;0,0975609756097561;0,0731707317073171;0,121951219512195;0;0;0,024390243902439;0,024390243902439;0,024390243902439;0,0731707317073171;0;0,0731707317073171
FALSE;FALSE;"PF36P_PLAF7";"signal peptide";"normalized frequency";0;0,819887429643527;0;0;4,26341463414634;0;1,77642276422764;1,72841133816744;0,940459110473458;1,52264808362369;4,56794425087108;0,740176151761518;0;0;0,819887429643527;0,280487804878049;0,484478935698448;1,77642276422764;0;1,06585365853659
TRUE;TRUE;"PF38_PLAF7";"mature protein";"count";4;10;20;22;24;12;5;19;25;21;8;31;12;6;15;29;14;32;1;18
TRUE;TRUE;"PF38_PLAF7";"mature protein";"frequency";0,0121951219512195;0,0304878048780488;0,0609756097560976;0,0670731707317073;0,0731707317073171;0,0365853658536585;0,0152439024390244;0,0579268292682927;0,0762195121951219;0,0640243902439024;0,024390243902439;0,0945121951219512;0,0365853658536585;0,0182926829268293;0,0457317073170732;0,0884146341463415;0,0426829268292683;0,0975609756097561;0,00304878048780488;0,0548780487804878
TRUE;TRUE;"PF38_PLAF7";"signal peptide";"count";0;2;0;0;1;2;0;6;2;1;1;0;0;0;1;1;2;1;1;0
TRUE;TRUE;"PF38_PLAF7";"signal peptide";"frequency";0;0,0952380952380952;0;0;0,0476190476190476;0,0952380952380952;0;0,285714285714286;0,0952380952380952;0,0476190476190476;0,0476190476190476;0;0;0;0,0476190476190476;0,0476190476190476;0,0952380952380952;0,0476190476190476;0,0476190476190476;0
TRUE;TRUE;"PF38_PLAF7";"signal peptide";"normalized frequency";0;3,12380952380952;0;0;0,650793650793651;2,6031746031746;0;4,93233082706767;1,24952380952381;0,743764172335601;1,95238095238095;0;0;0;1,04126984126984;0,538587848932677;2,2312925170068;0,488095238095238;15,6190476190476;0
TRUE;TRUE;"PF36_PLAYO";"mature protein";"count";9;12;17;12;10;18;4;29;25;19;4;36;15;4;4;14;17;14;0;23
TRUE;TRUE;"PF36_PLAYO";"mature protein";"frequency";0,0314685314685315;0,041958041958042;0,0594405594405594;0,041958041958042;0,034965034965035;0,0629370629370629;0,013986013986014;0,101398601398601;0,0874125874125874;0,0664335664335664;0,013986013986014;0,125874125874126;0,0524475524475524;0,013986013986014;0,013986013986014;0,048951048951049;0,0594405594405594;0,048951048951049;0;0,0804195804195804
TRUE;TRUE;"PF36_PLAYO";"signal peptide";"count";1;2;0;0;2;0;0;2;1;4;3;0;1;0;1;1;1;1;0;4
TRUE;TRUE;"PF36_PLAYO";"signal peptide";"frequency";0,0416666666666667;0,0833333333333333;0;0;0,0833333333333333;0;0;0,0833333333333333;0,0416666666666667;0,166666666666667;0,125;0;0,0416666666666667;0;0,0416666666666667;0,0416666666666667;0,0416666666666667;0,0416666666666667;0;0,166666666666667
TRUE;TRUE;"PF36_PLAYO";"signal peptide";"normalized frequency";1,32407407407407;1,98611111111111;0;0;2,38333333333333;0;0;0,82183908045977;0,476666666666667;2,50877192982456;8,9375;0;0,794444444444444;0;2,97916666666667;0,851190476190476;0,700980392156863;0,851190476190476;NA;2,07246376811594
TRUE;TRUE;"PF92_PLAF7";"mature protein";"count";14;14;44;47;43;30;16;69;69;57;11;78;22;20;16;52;52;54;4;58
TRUE;TRUE;"PF92_PLAF7";"mature protein";"frequency";0,0181818181818182;0,0181818181818182;0,0571428571428571;0,061038961038961;0,0558441558441558;0,038961038961039;0,0207792207792208;0,0896103896103896;0,0896103896103896;0,074025974025974;0,0142857142857143;0,101298701298701;0,0285714285714286;0,025974025974026;0,0207792207792208;0,0675324675324675;0,0675324675324675;0,0701298701298701;0,00519480519480519;0,0753246753246753
TRUE;TRUE;"PF92_PLAF7";"signal peptide";"count";2;2;0;0;3;0;0;2;2;6;1;2;0;1;0;2;1;2;0;0
TRUE;TRUE;"PF92_PLAF7";"signal peptide";"frequency";0,0769230769230769;0,0769230769230769;0;0;0,115384615384615;0;0;0,0769230769230769;0,0769230769230769;0,230769230769231;0,0384615384615385;0,0769230769230769;0;0,0384615384615385;0;0,0769230769230769;0,0384615384615385;0,0769230769230769;0;0
TRUE;TRUE;"PF92_PLAF7";"signal peptide";"normalized frequency";4,23076923076923;4,23076923076923;0;0;2,06618962432916;0;0;0,858416945373467;0,858416945373467;3,11740890688259;2,69230769230769;0,759368836291913;0;1,48076923076923;0;1,13905325443787;0,569526627218935;1,0968660968661;0;0
TRUE;TRUE;"PF36P_PLABA";"mature protein";"count";10;12;27;25;19;18;15;37;38;24;11;56;16;2;9;34;18;16;2;30
TRUE;TRUE;"PF36P_PLABA";"mature protein";"frequency";0,0238663484486874;0,0286396181384248;0,0644391408114559;0,0596658711217184;0,045346062052506;0,0429594272076372;0,035799522673031;0,0883054892601432;0,0906921241050119;0,0572792362768496;0,0262529832935561;0,133651551312649;0,0381861575178998;0,00477326968973747;0,0214797136038186;0,081145584725537;0,0429594272076372;0,0381861575178998;0,00477326968973747;0,0715990453460621
TRUE;TRUE;"PF36P_PLABA";"signal peptide";"count";1;2;0;0;4;0;0;1;2;2;2;0;0;0;3;1;0;1;0;3
TRUE;TRUE;"PF36P_PLABA";"signal peptide";"frequency";0,0454545454545455;0,0909090909090909;0;0;0,181818181818182;0;0;0,0454545454545455;0,0909090909090909;0,0909090909090909;0,0909090909090909;0;0;0;0,136363636363636;0,0454545454545455;0;0,0454545454545455;0;0,136363636363636
TRUE;TRUE;"PF36P_PLABA";"signal peptide";"normalized frequency";1,90454545454545;3,17424242424242;0;0;4,00956937799043;0;0;0,514742014742015;1,00239234449761;1,58712121212121;3,46280991735537;0;0;0;6,34848484848485;0,560160427807487;0;1,19034090909091;0;1,90454545454545
FALSE;FALSE;"PF36_PLABA";"mature protein";"count";8;14;18;13;16;17;9;37;28;26;7;33;14;4;2;18;17;15;0;27
FALSE;FALSE;"PF36_PLABA";"mature protein";"frequency";0,0247678018575851;0,043343653250774;0,0557275541795666;0,0402476780185759;0,0495356037151703;0,0526315789473684;0,0278637770897833;0,114551083591331;0,086687306501548;0,0804953560371517;0,021671826625387;0,102167182662539;0,043343653250774;0,0123839009287926;0,00619195046439629;0,0557275541795666;0,0526315789473684;0,0464396284829721;0;0,0835913312693498
FALSE;FALSE;"PF36_PLABA";"signal peptide";"count";3;0;0;1;4;0;1;2;1;2;2;2;0;2;1;2;1;1;0;4
FALSE;FALSE;"PF36_PLABA";"signal peptide";"frequency";0,103448275862069;0;0;0,0344827586206897;0,137931034482759;0;0,0344827586206897;0,0689655172413793;0,0344827586206897;0,0689655172413793;0,0689655172413793;0,0689655172413793;0;0,0689655172413793;0,0344827586206897;0,0689655172413793;0,0344827586206897;0,0344827586206897;0;0,137931034482759
FALSE;FALSE;"PF36_PLABA";"signal peptide";"normalized frequency";4,17672413793103;0;0;0,856763925729443;2,78448275862069;0;1,23754789272031;0,602050326188257;0,397783251231527;0,856763925729443;3,18226600985222;0,675026123301985;0;5,56896551724138;5,56896551724138;1,23754789272031;0,655172413793103;0,742528735632184;NA;1,65006385696041
FALSE;FALSE;"PF36_PLAF7";"mature protein";"count";5;15;13;22;30;16;8;30;30;21;8;38;15;8;7;16;16;24;2;22
FALSE;FALSE;"PF36_PLAF7";"mature protein";"frequency";0,0144508670520231;0,0433526011560694;0,0375722543352601;0,0635838150289017;0,0867052023121387;0,046242774566474;0,023121387283237;0,0867052023121387;0,0867052023121387;0,0606936416184971;0,023121387283237;0,109826589595376;0,0433526011560694;0,023121387283237;0,0202312138728324;0,046242774566474;0,046242774566474;0,069364161849711;0,00578034682080925;0,0635838150289017
FALSE;FALSE;"PF36_PLAF7";"signal peptide";"count";3;0;0;2;3;0;1;3;0;3;2;4;1;0;0;2;1;3;1;4
FALSE;FALSE;"PF36_PLAF7";"signal peptide";"frequency";0,0909090909090909;0;0;0,0606060606060606;0,0909090909090909;0;0,0303030303030303;0,0909090909090909;0;0,0909090909090909;0,0606060606060606;0,121212121212121;0,0303030303030303;0;0;0,0606060606060606;0,0303030303030303;0,0909090909090909;0,0303030303030303;0,121212121212121
FALSE;FALSE;"PF36_PLAF7";"signal peptide";"normalized frequency";6,29090909090909;0;0;0,953168044077135;1,04848484848485;0;1,31060606060606;1,04848484848485;0;1,4978354978355;2,62121212121212;1,103668261563;0,698989898989899;0;0;1,31060606060606;0,65530303030303;1,31060606060606;5,24242424242424;1,90633608815427
TRUE;FALSE;"PFS47_PLABA";"mature protein";"count";10;14;22;24;20;22;10;45;42;35;5;38;17;7;8;30;18;23;0;21
TRUE;FALSE;"PFS47_PLABA";"mature protein";"frequency";0,024330900243309;0,0340632603406326;0,0535279805352798;0,0583941605839416;0,048661800486618;0,0535279805352798;0,024330900243309;0,109489051094891;0,102189781021898;0,0851581508515815;0,0121654501216545;0,0924574209245742;0,0413625304136253;0,0170316301703163;0,0194647201946472;0,072992700729927;0,0437956204379562;0,0559610705596107;0;0,0510948905109489
TRUE;FALSE;"PFS47_PLABA";"signal peptide";"count";1;0;0;0;2;3;0;3;2;2;1;0;0;0;0;2;1;1;0;2
TRUE;FALSE;"PFS47_PLABA";"signal peptide";"frequency";0,05;0;0;0;0,1;0,15;0;0,15;0,1;0,1;0,05;0;0;0;0;0,1;0,05;0,05;0;0,1
TRUE;FALSE;"PFS47_PLABA";"signal peptide";"normalized frequency";2,055;0;0;0;2,055;2,80227272727273;0;1,37;0,978571428571429;1,17428571428571;4,11;0;0;0;0;1,37;1,14166666666667;0,893478260869565;NA;1,95714285714286
TRUE;TRUE;"PFS47_PLAF7";"mature protein";"count";8;14;20;28;16;17;9;48;49;33;9;39;17;8;4;26;23;18;1;26
TRUE;TRUE;"PFS47_PLAF7";"mature protein";"frequency";0,0193704600484262;0,0338983050847458;0,0484261501210654;0,0677966101694915;0,0387409200968523;0,0411622276029056;0,0217917675544794;0,116222760290557;0,11864406779661;0,0799031476997579;0,0217917675544794;0,0944309927360775;0,0411622276029056;0,0193704600484262;0,00968523002421308;0,062953995157385;0,0556900726392252;0,0435835351089588;0,00242130750605327;0,062953995157385
TRUE;TRUE;"PFS47_PLAF7";"signal peptide";"count";0;1;0;0;3;1;0;6;2;2;3;1;0;0;1;3;0;1;1;1
TRUE;TRUE;"PFS47_PLAF7";"signal peptide";"frequency";0;0,0384615384615385;0;0;0,115384615384615;0,0384615384615385;0;0,230769230769231;0,0769230769230769;0,0769230769230769;0,115384615384615;0,0384615384615385;0;0;0,0384615384615385;0,115384615384615;0;0,0384615384615385;0,0384615384615385;0,0384615384615385
TRUE;TRUE;"PFS47_PLAF7";"signal peptide";"normalized frequency";0;1,13461538461538;0;0;2,97836538461538;0,934389140271493;0;1,98557692307692;0,648351648351648;0,962703962703963;5,2948717948718;0,407297830374753;0;0;3,97115384615385;1,83284023668639;0;0,882478632478633;15,8846153846154;0,61094674556213
TRUE;TRUE;"PVDB_PLAKN";"mature protein";"count";46;22;89;101;26;67;22;62;92;67;25;106;24;45;47;108;81;50;12;40
TRUE;TRUE;"PVDB_PLAKN";"mature protein";"frequency";0,0406360424028269;0,019434628975265;0,0786219081272085;0,0892226148409894;0,0229681978798587;0,0591872791519435;0,019434628975265;0,0547703180212014;0,0812720848056537;0,0591872791519435;0,0220848056537102;0,0936395759717314;0,0212014134275618;0,0397526501766784;0,0415194346289753;0,0954063604240283;0,0715547703180212;0,0441696113074205;0,0106007067137809;0,0353356890459364
TRUE;TRUE;"PVDB_PLAKN";"signal peptide";"count";1;0;0;1;2;1;1;0;4;6;1;0;1;0;1;1;0;1;0;0
TRUE;TRUE;"PVDB_PLAKN";"signal peptide";"frequency";0,0476190476190476;0;0;0,0476190476190476;0,0952380952380952;0,0476190476190476;0,0476190476190476;0;0,19047619047619;0,285714285714286;0,0476190476190476;0;0,0476190476190476;0;0,0476190476190476;0,0476190476190476;0;0,0476190476190476;0;0
TRUE;TRUE;"PVDB_PLAKN";"signal peptide";"normalized frequency";1,17184265010352;0;0;0,533710513908534;4,14652014652015;0,8045486851457;2,45021645021645;0;2,34368530020704;4,8272921108742;2,15619047619048;0;2,24603174603175;0;1,14690982776089;0,499118165784832;0;1,07809523809524;0;0
TRUE;TRUE;"RBP1_PLAF7";"mature protein";"count";31;11;194;246;80;24;90;394;413;230;50;420;14;206;35;122;135;76;4;173
TRUE;TRUE;"RBP1_PLAF7";"mature protein";"frequency";0,0105156037991859;0,00373134328358209;0,0658073270013569;0,0834464043419267;0,0271370420624152;0,00814111261872456;0,0305291723202171;0,133649932157395;0,140094979647218;0,0780189959294437;0,0169606512890095;0,14246947082768;0,00474898236092266;0,0698778833107191;0,0118724559023066;0,0413839891451832;0,0457937584803256;0,0257801899592944;0,00135685210312076;0,0586838534599729
TRUE;TRUE;"RBP1_PLAF7";"signal peptide";"count";1;1;0;2;2;0;2;4;0;3;1;1;0;1;1;1;0;1;1;1
TRUE;TRUE;"RBP1_PLAF7";"signal peptide";"frequency";0,0434782608695652;0,0434782608695652;0;0,0869565217391304;0,0869565217391304;0;0,0869565217391304;0,173913043478261;0;0,130434782608696;0,0434782608695652;0,0434782608695652;0;0,0434782608695652;0,0434782608695652;0,0434782608695652;0;0,0434782608695652;0,0434782608695652;0,0434782608695652
TRUE;TRUE;"RBP1_PLAF7";"signal peptide";"normalized frequency";4,13464235624123;11,6521739130435;0;1,04206433368682;3,20434782608696;0;2,84830917874396;1,3012580004414;0;1,67183364839319;2,56347826086957;0,305175983436853;0;0,622203461376108;3,66211180124224;1,05060584461867;0;1,68649885583524;32,0434782608696;0,740889670771551
TRUE;TRUE;"RBP1_PLAVB";"mature protein";"count";131;15;183;382;69;89;47;196;343;231;78;218;20;102;77;241;140;146;3;100
TRUE;TRUE;"RBP1_PLAVB";"mature protein";"frequency";0,0466026325151192;0,00533617929562433;0,0651013874066169;0,135894699395233;0,0245464247598719;0,031661330487371;0,0167200284596229;0,0697260761294913;0,12202063322661;0,0821771611526147;0,0277481323372465;0,0775524724297403;0,00711490572749911;0,0362860192102455;0,0273923870508716;0,0857346140163643;0,0498043400924938;0,0519388118107435;0,00106723585912487;0,0355745286374956
TRUE;TRUE;"RBP1_PLAVB";"signal peptide";"count";3;2;0;0;1;4;1;1;1;5;1;1;0;0;1;0;0;0;0;1
TRUE;TRUE;"RBP1_PLAVB";"signal peptide";"frequency";0,136363636363636;0,0909090909090909;0;0;0,0454545454545455;0,181818181818182;0,0454545454545455;0,0454545454545455;0,0454545454545455;0,227272727272727;0,0454545454545455;0,0454545454545455;0;0;0,0454545454545455;0;0;0;0;0,0454545454545455
TRUE;TRUE;"RBP1_PLAVB";"signal peptide";"normalized frequency";2,92609299097849;17,0363636363636;0;0;1,85177865612648;5,74259448416752;2,71856866537718;0,651901669758813;0,372515239862179;2,76564344746163;1,63811188811189;0,586113427856547;0;0;1,65938606847698;0;0;0;0;1,27772727272727
TRUE;TRUE;"RBP3_PLAF7";"mature protein";"count";55;19;177;266;86;56;51;292;342;264;69;406;24;65;62;185;106;101;5;137
TRUE;TRUE;"RBP3_PLAF7";"mature protein";"frequency";0,0198699421965318;0,00686416184971098;0,0639450867052023;0,0960982658959538;0,0310693641618497;0,0202312138728324;0,0184248554913295;0,105491329479769;0,123554913294798;0,0953757225433526;0,0249277456647399;0,146676300578035;0,00867052023121387;0,0234826589595376;0,0223988439306358;0,0668352601156069;0,0382947976878613;0,0364884393063584;0,00180635838150289;0,0494942196531792
TRUE;TRUE;"RBP3_PLAF7";"signal peptide";"count";0;1;0;1;0;1;1;5;2;5;1;0;0;1;2;1;1;0;0;2
TRUE;TRUE;"RBP3_PLAF7";"signal peptide";"frequency";0;0,0416666666666667;0;0,0416666666666667;0;0,0416666666666667;0,0416666666666667;0,208333333333333;0,0833333333333333;0,208333333333333;0,0416666666666667;0;0;0,0416666666666667;0,0833333333333333;0,0416666666666667;0,0416666666666667;0;0;0,0833333333333333
TRUE;TRUE;"RBP3_PLAF7";"signal peptide";"normalized frequency";0;6,07017543859649;0;0,433583959899749;0;2,05952380952381;2,26143790849673;1,97488584474886;0,674463937621832;2,18434343434343;1,67149758454106;0;0;1,77435897435897;3,72043010752688;0,623423423423423;1,08805031446541;0;0;1,68369829683698
TRUE;TRUE;"RBP2_PLAVB";"mature protein";"count";112;10;190;325;74;63;72;240;377;233;49;296;33;119;57;215;179;117;2;83
TRUE;TRUE;"RBP2_PLAVB";"mature protein";"frequency";0,039353478566409;0,00351370344342937;0,0667603654251581;0,114195361911455;0,0260014054813774;0,0221363316936051;0,0252986647926915;0,084328882642305;0,132466619817287;0,0818692902319044;0,0172171468728039;0,104005621925509;0,0115952213633169;0,0418130709768096;0,0200281096275474;0,0755446240337315;0,0628952916373858;0,0411103302881237;0,000702740688685875;0,0291637385804638
TRUE;TRUE;"RBP2_PLAVB";"signal peptide";"count";1;1;0;1;2;0;0;2;1;4;1;2;0;0;0;1;0;3;1;1
TRUE;TRUE;"RBP2_PLAVB";"signal peptide";"frequency";0,0476190476190476;0,0476190476190476;0;0,0476190476190476;0,0952380952380952;0;0;0,0952380952380952;0,0476190476190476;0,19047619047619;0,0476190476190476;0,0952380952380952;0;0;0;0,0476190476190476;0;0,142857142857143;0,0476190476190476;0,0476190476190476
TRUE;TRUE;"RBP2_PLAVB";"signal peptide";"normalized frequency";1,21003401360544;13,552380952381;0;0,416996336996337;3,66280566280566;0;0;1,12936507936508;0,359479600858911;2,32658900470059;2,76579203109815;0,915701415701416;0;0;0;0,630343300110742;0;3,47496947496947;67,7619047619048;1,63281698221457
TRUE;TRUE;"SANT_PLAF7";"mature protein";"count";2;0;64;103;1;92;3;5;43;7;2;69;0;3;35;67;4;58;0;4
TRUE;TRUE;"SANT_PLAF7";"mature protein";"frequency";0,00355871886120996;0;0,113879003558719;0,183274021352313;0,00177935943060498;0,163701067615658;0,00533807829181495;0,00889679715302491;0,0765124555160142;0,0124555160142349;0,00355871886120996;0,122775800711744;0;0,00533807829181495;0,0622775800711744;0,119217081850534;0,00711743772241993;0,103202846975089;0;0,00711743772241993
TRUE;TRUE;"SANT_PLAF7";"signal peptide";"count";0;1;0;0;2;1;0;3;1;4;1;1;0;0;1;1;2;1;0;4
TRUE;TRUE;"SANT_PLAF7";"signal peptide";"frequency";0;0,0434782608695652;0;0;0,0869565217391304;0,0434782608695652;0;0,130434782608696;0,0434782608695652;0,173913043478261;0,0434782608695652;0,0434782608695652;0;0;0,0434782608695652;0,0434782608695652;0,0869565217391304;0,0434782608695652;0;0,173913043478261
TRUE;TRUE;"SANT_PLAF7";"signal peptide";"normalized frequency";0;Inf;0;0;48,8695652173913;0,265595463137996;0;14,6608695652174;0,568250758341759;13,9627329192547;12,2173913043478;0,354127284183995;NA;0;0,698136645962733;0,36469824789098;12,2173913043478;0,421289355322339;NA;24,4347826086957
TRUE;TRUE;"SSP2_PLAYO";"mature protein";"count";21;11;34;78;6;31;9;48;46;34;5;175;150;13;21;59;17;26;5;16
TRUE;TRUE;"SSP2_PLAYO";"mature protein";"frequency";0,0260869565217391;0,0136645962732919;0,0422360248447205;0,0968944099378882;0,00745341614906832;0,0385093167701863;0,0111801242236025;0,0596273291925466;0,0571428571428571;0,0422360248447205;0,0062111801242236;0,217391304347826;0,186335403726708;0,0161490683229814;0,0260869565217391;0,0732919254658385;0,0211180124223602;0,0322981366459627;0,0062111801242236;0,0198757763975155
TRUE;TRUE;"SSP2_PLAYO";"signal peptide";"count";0;1;0;0;2;1;0;2;2;6;1;1;0;0;0;2;0;3;0;1
TRUE;TRUE;"SSP2_PLAYO";"signal peptide";"frequency";0;0,0454545454545455;0;0;0,0909090909090909;0,0454545454545455;0;0,0909090909090909;0,0909090909090909;0,272727272727273;0,0454545454545455;0,0454545454545455;0;0;0;0,0909090909090909;0;0,136363636363636;0;0,0454545454545455
TRUE;TRUE;"SSP2_PLAYO";"signal peptide";"normalized frequency";0;3,32644628099174;0;0;12,1969696969697;1,18035190615836;0;1,52462121212121;1,59090909090909;6,4572192513369;7,31818181818182;0,209090909090909;0;0;0;1,24036979969183;0;4,22202797202797;0;2,28693181818182
TRUE;TRUE;"SSSP_PLAFO";"mature protein";"count";9;0;16;5;1;14;1;8;17;11;4;8;5;4;1;14;9;5;0;0
TRUE;TRUE;"SSSP_PLAFO";"mature protein";"frequency";0,0681818181818182;0;0,121212121212121;0,0378787878787879;0,00757575757575758;0,106060606060606;0,00757575757575758;0,0606060606060606;0,128787878787879;0,0833333333333333;0,0303030303030303;0,0606060606060606;0,0378787878787879;0,0303030303030303;0,00757575757575758;0,106060606060606;0,0681818181818182;0,0378787878787879;0;0
TRUE;TRUE;"SSSP_PLAFO";"signal peptide";"count";3;0;0;0;4;0;0;3;1;5;2;2;1;0;1;2;0;1;0;0
TRUE;TRUE;"SSSP_PLAFO";"signal peptide";"frequency";0,12;0;0;0;0,16;0;0;0,12;0,04;0,2;0,08;0,08;0,04;0;0,04;0,08;0;0,04;0;0
TRUE;TRUE;"SSSP_PLAFO";"signal peptide";"normalized frequency";1,76;NA;0;0;21,12;0;0;1,98;0,310588235294118;2,4;2,64;1,32;1,056;0;5,28;0,754285714285714;0;1,056;NA;NA
TRUE;FALSE;"TIP_PLAF7";"mature protein";"count";16;12;54;39;44;38;10;64;62;54;3;64;20;18;11;54;29;44;9;42
TRUE;FALSE;"TIP_PLAF7";"mature protein";"frequency";0,0232896652110626;0,0174672489082969;0,0786026200873362;0,0567685589519651;0,0640465793304221;0,0553129548762737;0,0145560407569141;0,0931586608442504;0,0902474526928675;0,0786026200873362;0,00436681222707424;0,0931586608442504;0,0291120815138282;0,0262008733624454;0,0160116448326055;0,0786026200873362;0,0422125181950509;0,0640465793304221;0,0131004366812227;0,0611353711790393
TRUE;FALSE;"TIP_PLAF7";"signal peptide";"count";0;2;0;0;2;0;0;6;3;6;1;4;0;1;0;2;1;2;0;2
TRUE;FALSE;"TIP_PLAF7";"signal peptide";"frequency";0;0,0625;0;0;0,0625;0;0;0,1875;0,09375;0,1875;0,03125;0,125;0;0,03125;0;0,0625;0,03125;0,0625;0;0,0625
TRUE;FALSE;"TIP_PLAF7";"signal peptide";"normalized frequency";0;3,578125;0;0;0,975852272727273;0;0;2,0126953125;1,03881048387097;2,38541666666667;7,15625;1,341796875;0;1,19270833333333;0;0,795138888888889;0,740301724137931;0,975852272727273;0;1,02232142857143
TRUE;TRUE;"TIP_PLAYO";"mature protein";"count";20;12;58;39;42;34;11;66;55;51;9;55;20;15;11;65;32;35;8;34
TRUE;TRUE;"TIP_PLAYO";"mature protein";"frequency";0,0297619047619048;0,0178571428571429;0,0863095238095238;0,0580357142857143;0,0625;0,0505952380952381;0,0163690476190476;0,0982142857142857;0,0818452380952381;0,0758928571428571;0,0133928571428571;0,0818452380952381;0,0297619047619048;0,0223214285714286;0,0163690476190476;0,0967261904761905;0,0476190476190476;0,0520833333333333;0,0119047619047619;0,0505952380952381
TRUE;TRUE;"TIP_PLAYO";"signal peptide";"count";0;1;0;1;0;1;0;2;3;9;1;2;0;0;1;2;1;3;0;2
TRUE;TRUE;"TIP_PLAYO";"signal peptide";"frequency";0;0,0344827586206897;0;0,0344827586206897;0;0,0344827586206897;0;0,0689655172413793;0,103448275862069;0,310344827586207;0,0344827586206897;0,0689655172413793;0;0;0,0344827586206897;0,0689655172413793;0,0344827586206897;0,103448275862069;0;0,0689655172413793
TRUE;TRUE;"TIP_PLAYO";"signal peptide";"normalized frequency";0;1,93103448275862;0;0,594164456233422;0;0,681541582150101;0;0,702194357366771;1,26394984326019;4,08924949290061;2,57471264367816;0,842633228840125;0;0;2,10658307210031;0,712997347480106;0,724137931034483;1,98620689655172;0;1,3630831643002
TRUE;TRUE;"TRAP_PLAFA";"mature protein";"count";24;12;45;55;10;28;12;28;38;36;3;57;48;19;29;31;12;30;6;11
TRUE;TRUE;"TRAP_PLAFA";"mature protein";"frequency";0,0449438202247191;0,0224719101123595;0,0842696629213483;0,102996254681648;0,0187265917602996;0,052434456928839;0,0224719101123595;0,052434456928839;0,0711610486891386;0,0674157303370786;0,00561797752808989;0,106741573033708;0,0898876404494382;0,0355805243445693;0,0543071161048689;0,0580524344569288;0,0224719101123595;0,0561797752808989;0,0112359550561798;0,0205992509363296
TRUE;TRUE;"TRAP_PLAFA";"signal peptide";"count";0;0;1;0;4;2;1;2;1;5;1;3;0;0;0;0;0;4;0;1
TRUE;TRUE;"TRAP_PLAFA";"signal peptide";"frequency";0;0;0,04;0;0,16;0,08;0,04;0,08;0,04;0,2;0,04;0,12;0;0;0;0;0;0,16;0;0,04
TRUE;TRUE;"TRAP_PLAFA";"signal peptide";"normalized frequency";0;0;0,474666666666667;0;8,544;1,52571428571429;1,78;1,52571428571429;0,562105263157895;2,96666666666667;7,12;1,12421052631579;0;0;0;0;0;2,848;0;1,94181818181818
