"signalP41notm","signalP41tm","signalP3nn","signalP3hmm","predsi","philius","phobius","signalHsmm_10","signalHsmmNOHOM90_10","signalHsmmNOHOM50_10","signalHsmmNODEG_10","signalHsmm_87","signalHsmmNOHOM90_87","signalHsmmNOHOM50_87","signalHsmmNODEG_87"
0.701,0.701,0.773,0.973,0,1,1,0.936570736748377,0.930743625198422,0.882084332232167,0.947739575827869,0.94406993700718,0.955943072537842,0.93516896309428,0.957401873700152
0.604,0.604,0.655,0.202,0.0734,1,1,0.656074048760423,0.639034166093323,0.635027814105066,0.525891499027733,0.747334893270562,0.744703296275439,0.718331333737617,0.558705296737209
0.78,0.78,0.826,0.8,0.5674,1,1,0.549658364199007,0.550775341702626,0.545598701637042,0.62137970120417,0.654141760693898,0.673279882678967,0.699603470882653,0.8038433358062
0.76,0.76,0.759,0.998,0.6404,1,1,0.957193201024564,0.943099944518972,0.876987883398311,0.994647803005062,0.974668465019988,0.968333213366354,0.950755827858385,0.99735415591927
0.579,0.579,0.52,0.493,0.1723,0,1,0.724876043142093,0.714857783113865,0.718390655246117,0.589625461225862,0.787167534650458,0.765114342781888,0.849176854366775,0.647948727079661
0.521,0.521,0.522,0.649,0.5315,0,1,0.535689082754346,0.530156565915236,0.527836080273872,0.114757213265768,0.568346892202462,0.560801240343599,0.557504392327398,0.10854236361159
0.551,0.551,0.62,0.901,0.3576,1,1,0.586046056238758,0.56655412885994,0.522134374884004,0.889764549394859,0.618091810663648,0.605168690800942,0.574702587643944,0.920084256417914
0.77,0.77,0.831,0.984,0.4794,1,1,0.595925456774464,0.585602627414962,0.57972807667667,0.992082889722928,0.666456457551977,0.631264536050038,0.688676987820203,0.98908592203766
0.71,0.71,0.687,0.998,0.545,1,1,0.776443457275475,0.743989599605862,0.650512346505038,0.995506500257113,0.886362225554254,0.843517615930217,0.850038054699318,0.999090295225555
0.683,0.683,0.67,0.99,0.5219,1,1,0.567358786022806,0.571179196461853,0.546762102070425,0.997415860971805,0.636069206256117,0.654836616676502,0.696098955909085,0.997774733706719
0.511,0.511,0.566,0.864,0.2831,1,1,0.574081388351204,0.564705044369305,0.596645245543045,0.902731730032828,0.690535503690686,0.629280418662635,0.679785335303526,0.954174862531989
0.606,0.606,0.607,0.985,0.4027,1,1,0.835038894774028,0.797874966884998,0.704500179133973,0.988798464763135,0.913941707547248,0.897345015355454,0.898172243937044,0.996830541617778
0.623,0.623,0.545,0.021,0.1691,0,0,0.879845761076131,0.869927343134039,0.894787157492189,0.718251694187336,0.949353645017116,0.943777987945927,0.956324839475656,0.748498207046188
0.563,0.362,0.518,0.914,0.5532,1,0,0.381737909359654,0.346955485341118,0.504237099949965,0.534550802470866,0.0215551107295808,0.0260292781861549,0.139767523400416,0.242205229080503
0.432,0.432,0.548,0.221,0.2256,0,0,0.565265044592907,0.565959887580501,0.571832068233009,0.519087054816876,0.609382228081249,0.60964696399951,0.697261557799142,0.503225936095631
0.678,0.678,0.635,0.777,0.3716,1,1,0.908181087645201,0.888559996993502,0.806008557188586,0.8221432370299,0.938421265606824,0.943257211846485,0.905715336020798,0.837682638044127
0.634,0.384,0.792,0.222,0.2233,0,0,0.55976570868047,0.560480647590323,0.581443846992342,0.293095479920287,0.629480268644731,0.640423474482858,0.731260131589982,0.280703799599
0.427,0.427,0.443,0.001,0.1537,0,0,0.502833268715519,0.501814213689947,0.502924538842073,0.122229658820219,0.512438293877418,0.515198760207547,0.517396424552222,0.122456984043962
0.577,0.577,0.497,0.919,0.5504,1,1,0.524090297187718,0.520544666550091,0.503303346399224,0.614071926761334,0.531150685389532,0.536581146954843,0.510760376275244,0.60712776814539
0.731,0.381,0.721,0.042,0.4579,0,1,0.998402065899419,0.998072989317479,0.998612717227261,0.940669607574483,0.998854431382222,0.998876916612141,0.999449160338628,0.871506012041221
0.866,0.866,0.85,0.998,0.5822,1,1,0.986463267226303,0.98508052051932,0.980352098830474,0.992337290076959,0.988511762577254,0.988829506799255,0.991092309549136,0.992810433163718
0.853,0.853,0.855,0.989,0.5896,1,1,0.579359862314588,0.573056525422203,0.588715703187202,0.564588906738768,0.634305589691155,0.636455287182656,0.742149549441115,0.547941737916475
0.374,0.374,0.362,0.532,0.2502,1,1,0.557582637070847,0.559455370217891,0.589145782953959,0.818304825648936,0.593041371442302,0.618571150735369,0.644481488867125,0.916281352009548
0.849,0.849,0.853,0.997,0.6433,1,1,0.989930634631639,0.988655227524388,0.977299688448176,0.990443570273731,0.991633150393882,0.993430142617065,0.989555422471671,0.982602361114016
0.663,0.663,0.822,0.743,0.3251,1,1,0.642957858731415,0.601647284882877,0.565015952253762,0.9341095399871,0.728891677769329,0.687152166463483,0.634958315527577,0.973462939771922
0.746,0.746,0.789,0.767,0.4656,1,1,0.791579954712009,0.791521490185372,0.821245024507713,0.689135781872443,0.881312071980038,0.869356407231092,0.910005146466054,0.734383481771658
0.4,0.146,0.52,0,0.2927,0,0,0.561448008400879,0.550927422420239,0.555003466104093,0.321843151481371,0.610089244949504,0.598719420332516,0.565356191897952,0.321175707908101
0.615,0.367,0.762,0.906,0.4342,1,1,0.739180782012615,0.718741716516546,0.736091119249063,0.804265413996163,0.736853676361023,0.729558280042095,0.754418138407504,0.822782761437491
0.764,0.368,0.747,0.008,0.3468,0,0,0.98082874150873,0.979154805116209,0.987015799686579,0.528204574948102,0.974223289918696,0.974913761511134,0.990364122308781,0.0953522695880471
0.875,0.875,0.855,0.983,0.5967,1,1,0.995177301206045,0.993236343660408,0.982272468444137,0.976497494588559,0.997869650055235,0.997497786139919,0.996208122125454,0.97598704457226
0.518,0.251,0.579,0.012,0.1437,0,0,0.547160216751766,0.528351545050075,0.503664155866657,0.0462715979508577,0.600764399932994,0.575098400925325,0.555488264240656,0.0324622568559474
0.303,0.172,0.407,0.001,0.0879,0,0,0.525629391010266,0.524109345182737,0.550733385717858,0.337451572861398,0.504011139726507,0.508142824997833,0.505569041941876,0.182375027969148
0.789,0.789,0.831,0.826,0.4482,1,1,0.881422596634395,0.873328386935973,0.828710355299282,0.807784163620648,0.930571173794573,0.932533396387186,0.948356813296281,0.85492776278048
0.716,0.44,0.762,0.103,0.2519,1,0,0.730822610479649,0.697886283104529,0.644514382446172,0.687484272380652,0.749855203686573,0.752633076508878,0.790778595687213,0.751502296159808
0.743,0.743,0.825,0.969,0.6312,1,1,0.713573069717628,0.722472942861637,0.737844489264188,0.762509561381503,0.804740985267706,0.839098870805033,0.870301448118543,0.71483380384015
0.643,0.643,0.741,0.716,0.2248,1,1,0.615044445078434,0.606908072350249,0.563504389302109,0.604452182573025,0.66585000802935,0.653472507965413,0.702707501255472,0.5584598160605
0.348,0.12,0.374,0,0.2581,0,0,0.50401392823909,0.505120893937437,0.616777284180014,0.00270678585476691,0.00247572460549961,0.00413725967584933,0.0147789106382334,3.04065966827416e-05
0.326,0.142,0.379,0.001,0.4631,0,0,0.648057943094873,0.630641913591191,0.880053761022877,0.000465870319803496,0.000667745142430842,0.00108667627653602,0.007372090885156,6.42742865597512e-07
0.472,0.209,0.667,0.102,0.0623,0,0,0.520030520944563,0.515157284076317,0.513866612457389,0.500988134652534,0.567104819098935,0.540469479219547,0.544042320284078,0.508488764824103
0.748,0.465,0.747,0.175,0.2406,0,0,0.697551480328121,0.676988884062469,0.723115230601341,0.927910185315981,0.700037016806543,0.711982185973426,0.740034473188125,0.85491708900101
0.639,0.639,0.719,0.924,0.5992,1,1,0.717859940743531,0.711117527004961,0.71143739194612,0.998908860100331,0.761010935201579,0.774959490111044,0.814810322210045,0.999414053790766
0.691,0.691,0.525,0.173,0.1745,0,0,0.505214073173038,0.502847651412775,0.501264048289364,0.500009812793749,0.517218332964003,0.518882768251051,0.53109326916837,0.115477102621169
0.78,0.78,0.693,1,0.6912,1,1,0.845792277045665,0.831695775837232,0.750735557899446,0.989745434384674,0.907034689711596,0.870103285498832,0.869352449572328,0.995198134599708
0.655,0.655,0.721,0.802,0.2822,1,1,0.566962083280519,0.565363556611252,0.580856635887624,0.56965110787862,0.604535643315586,0.59811985252094,0.652791294262442,0.561183676218711
0.706,0.706,0.795,0.777,0.471,0,1,0.80445084535842,0.809158205847808,0.828712334389753,0.764418573811486,0.829682996899093,0.864723171101835,0.925059219660717,0.693367736165267
0.77,0.476,0.714,0.301,0.2657,1,1,0.822225381521717,0.766190604538153,0.653018282330002,0.880968889723606,0.908007254000815,0.869556917248631,0.853458189618967,0.929357897843227
0.825,0.825,0.824,0.593,0.7056,1,1,0.910864927336765,0.900481544255111,0.925578210521255,0.92030941824531,0.939710677343141,0.941502762230935,0.952183550443875,0.89992916665241
0.895,0.895,0.911,0.996,0.7706,1,1,0.890479846734539,0.886729534583583,0.880298381211437,0.953138731185894,0.934466800038191,0.924898881275749,0.955209708501666,0.940999858264445
0.468,0.193,0.532,0.03,0.1629,0,0,0.501808179895865,0.501414031374745,0.508917594447802,0.516568613732793,0.395983020522839,0.497045407045285,0.502009058104483,0.48944716273835
0.633,0.633,0.645,0.566,0.3779,0,0,0.534736562031066,0.535912681731935,0.569186622544267,0.721702737877458,0.571469657499268,0.578983120901488,0.67273046178894,0.920230547489381
0.852,0.852,0.884,0.798,0.6719,0,0,0.777521353583551,0.763875812877634,0.862135782523127,0.506152960148636,0.827495239138377,0.833791502063733,0.912704585413336,0.510594316019747
0.378,0.22,0.444,0.007,0,0,0,0.506893479529527,0.506792653168946,0.514225242846707,0.321965943505864,0.31995344609959,0.375218741378871,0.496298930861983,0.256338484947252
0.101,0.101,0.012,0,0,0,0,0.000227649948409958,0.000285329090885522,0.000723763486119022,0.00136981179682305,1.10266893615929e-06,1.61379096974557e-06,1.8439244997559e-06,2.89672662967533e-06
0.101,0.101,0.011,0,0,0,0,0.00277011404338223,0.00213317138684888,0.00397275816337306,0.00053561170757277,6.67149421373914e-05,0.000138288092119687,6.16867080416306e-05,3.22693782806027e-08
0.102,0.105,0.024,0,0.0401,0,0,0.000631317267631992,0.000739295579674781,0.00088555495041609,0.00963849061124122,1.93158244954361e-08,3.77377107341204e-08,8.17236456285286e-08,9.57799173306739e-09
0.146,0.146,0.098,0.001,0,0,0,0.063235488232225,0.0919873480796807,0.131788924472716,0.0051219551005266,0.049423685471861,0.0723277428692715,0.248448978328144,0.00029852696902255
0.112,0.112,0.097,0,0.0057,0,0,0.00838800094119074,0.0104217338093604,0.0245456845490266,0.000777620939669266,0.00371005254488077,0.00553224633544014,0.00940746718584462,0.000169068404589634
0.528,0.408,0.679,0.872,0.5592,1,1,0.431652443858239,0.426163848948378,0.47749929460428,0.541188005187225,0.46937619899142,0.501948922706795,0.502299144887945,0.515772106999208
0.105,0.105,0.067,0.001,0.0214,0,0,0.0625228486838725,0.0503308855145579,0.0382396655513606,0.500385176282678,0.106514499930417,0.090285732432358,0.102039735267359,0.515627035770015
0.122,0.122,0.049,0,0,0,0,0.000781149006161552,0.000941531869620427,0.00263929991822343,0.00025793115098649,0.000121816834051103,0.00021552161774574,0.00121273514413378,6.32123585475597e-06
0.096,0.096,0.024,0,0,0,0,0.000590937220876775,0.000576972991497282,0.00141225543376589,0.00377491231074112,2.00957048779316e-05,2.46869479170186e-05,7.1007163631176e-05,5.31507193346492e-05
0.107,0.107,0.052,0,0.16,0,0,0.0121844192690568,0.0144749294519597,0.0286133389975274,0.00105416581761331,0.00310382842637846,0.00555702160363047,0.0071441913731074,6.39617438791262e-06
0.121,0.121,0.11,0,0,0,0,0.0024086729010464,0.00229505835364074,0.00579085228384013,0.00269767728526604,0.000431573492725157,0.000594797254163115,0.00118344556583772,0.00148614237975409
0.105,0.105,0.025,0,0.1087,0,0,0.000864305247323394,0.00108680730140032,0.00211850504618694,0.000545222473189444,0.000141006542502264,0.000215890685200115,0.000558907030379086,2.64362389823525e-05
0.101,0.101,0.013,0,0,0,0,2.50211906882569e-05,3.08415151129005e-05,0.0001255924484167,0.00025172437497778,2.40119035765929e-09,4.59211335623877e-09,2.36206121329019e-08,2.84261503225025e-11
0.12,0.12,0.104,0,0.3007,0,0,0.0669424757797099,0.058032791700795,0.0481998814515827,0.054434310398157,0.0311551995471859,0.0312441954845033,0.0409720527275459,0.0372285508800951
0.113,0.113,0.098,0,0,0,0,0.00245678937201843,0.00347510084225178,0.00525376510864373,0.0148056724427903,0.00135003738541917,0.00235994121831729,0.00265377116039467,0.00483025550640948
0.099,0.099,0.022,0,0,0,0,0.00336093662035353,0.0040887929396094,0.00654829013391423,0.00148666898001526,0.00114281155601192,0.00154491629432041,0.00392569468476101,0.000583329241958808
0.102,0.102,0.031,0,0,0,0,0.000374312049606917,0.000379441575659722,0.000902171194077095,0.00650176991586537,6.70858907758642e-06,1.0899280884491e-05,2.32025821911286e-05,4.13791859532608e-05
0.094,0.094,0.013,0,0,0,0,0.00122178004552609,0.00108562843991855,0.00142893835852753,0.0025996998952893,1.35125340250397e-05,1.70159194023967e-05,2.11070969591276e-05,1.40993330166594e-05
0.102,0.102,0.013,0,0,0,0,0.000205043038903341,0.000101970310515398,0.000250243071195921,0.000977096452172699,1.41807343645439e-07,2.02153029871255e-07,6.31444272425341e-07,1.81679471467078e-08
0.127,0.127,0.187,0,0.0919,0,0,0.00636880874278489,0.00794123314571626,0.0150571715635661,0.0201767003352349,0.00908639876343376,0.00864888751062276,0.0105449838115712,0.0201294835993537
0.116,0.116,0.181,0.001,0,0,0,0.0109140956255471,0.0130912409624151,0.016634669188067,0.00916479333117559,0.00114605318407568,0.0013888263185069,0.00156329543682832,0.00112595851199382
0.102,0.102,0.034,0,0,0,0,0.0006149702808389,0.000492310328266132,0.00112752307705133,0.00151198528810292,0.000508794507378951,0.000687825749590143,0.000352328038473182,8.61258091067185e-06
0.126,0.126,0.075,0,0,0,0,0.00149562836977868,0.00175008668047427,0.00180990816470494,1.72055582003949e-05,0.00103313459647758,0.00139232267337697,0.00146397188236502,1.04032755743333e-06
0.099,0.099,0.015,0,0,0,0,2.37904424182922e-05,3.26181781851176e-05,0.000140392496437158,0.000215605552849052,1.39942590848818e-07,2.50077050178987e-07,7.39972056962301e-07,1.31811153103456e-07
0.813,0.813,0.783,0.983,0.4703,1,1,0.898634349488806,0.872339321745584,0.839177174608595,0.999858530143491,0.953625657904129,0.93361788215898,0.954405329022617,0.999954317065571
0.104,0.104,0.024,0,0,0,0,0.000582772156687561,0.000632516863376953,0.000939235971542107,2.89683080456626e-05,0.000509422582715136,0.000566137626967222,0.0013220050364593,4.77467070991722e-06
0.1,0.1,0.038,0,0,0,0,0.000569298327692813,0.000364877552849752,0.00082450227983033,0.000142963596714285,6.58038490120028e-05,9.31627190259299e-05,0.000183885701077191,1.90636080255047e-05
0.108,0.108,0.01,0,0,0,0,1.65149604880455e-06,2.09432795328368e-06,1.44293073889301e-05,2.78575513767976e-07,5.44631006960117e-11,1.34621203073948e-10,1.07764908108265e-09,4.44089209850063e-15
0.137,0.137,0.064,0.034,0.0746,0,0,0.00320738009268684,0.00363067000745732,0.00613781055167628,0.0459110577010424,0.00299555216433101,0.00357601997803325,0.00813657497218179,0.0952557099679541
0.117,0.117,0.046,0,0.0795,0,0,6.9778971647505e-05,7.25739780094159e-05,0.000383039073081903,0.00108092181259067,5.54991164136709e-08,1.08816244903664e-07,7.69944421552538e-07,1.6601978680697e-07
0.101,0.101,0.055,0,0,0,0,0.000134786159553535,0.000127649632792881,0.000457699383813459,0.00031930338748376,2.06324402451941e-06,3.51468650627851e-06,3.19727887720944e-06,4.55664483922646e-08
0.098,0.098,0.017,0,0,0,0,0.00056093941030122,0.000286438193792815,0.000471684765896985,0.000128347733212575,3.14012638114036e-06,5.64843058992182e-06,9.18645841174737e-06,2.92596169515491e-08
0.123,0.101,0.076,0,0.2487,0,0,0.0101131013415867,0.0102358254346857,0.0107467662565019,0.0771930432617518,0.00148440396333216,0.00218686363890663,0.00164945468361655,0.0107319804866091
0.097,0.097,0.028,0,0,0,0,0.000545552988577835,0.00062528847222687,0.00162733172520024,0.00589596012118498,0.000182254294693873,0.000241018782884961,0.000279595575087832,0.000156252959671033
0.125,0.125,0.085,0,0.0116,0,0,0.0151032764061543,0.0138921817611126,0.0339089824842032,0.00378242134805973,4.58563506966492e-05,6.9868320848876e-05,0.000137892827862807,2.09215571311816e-05
0.101,0.101,0.02,0,0,0,0,0.000155121282885418,0.000194627129039837,0.000681130273612052,0.00120221558390643,7.42189988578446e-06,1.49592054898839e-05,6.0849698708676e-05,2.4810806076303e-07
0.111,0.111,0.035,0,0,0,0,0.000279906795139784,0.000216259451406575,0.000529050642952278,0.000995173634819047,8.96794554350322e-05,0.000135806431107444,0.000218400655951356,3.65097723165064e-07
0.106,0.106,0.021,0,0,0,0,0.00061843434940867,0.000633313336886321,0.00226552397562418,0.0008621016800614,5.31032951034405e-05,8.82269364432808e-05,0.000123159583436117,6.41815967039605e-07
0.476,0.219,0.711,0.128,0.4277,0,0,0.531843487782964,0.523006202250107,0.547555350443728,0.126158920980439,0.465423013774184,0.49301422214912,0.530410462465195,0.193933935941164
0.098,0.098,0.024,0,0,0,0,0.000108000601595215,0.000130820970904999,0.000458362584874195,0.000205239196722218,8.67339944754519e-06,1.12696313392391e-05,3.04815189178242e-05,1.40015692373652e-07
0.1,0.1,0.032,0,0,0,0,0.000633015377902169,0.000786457416606101,0.00107824310759286,0.0119757111396002,5.76896554971285e-07,8.96263872007808e-07,1.65979530564186e-06,1.02091039289043e-05
0.1,0.1,0.019,0,0,0,0,0.00018026837297791,0.000198581601242864,0.000627448578462975,0.00208146341748927,1.03556217823098e-06,1.68685232004862e-06,4.5888090438595e-06,1.22852044093236e-06
0.102,0.102,0.034,0,0,0,0,0.00613396923644371,0.00509136735297622,0.00764514804787009,0.0161815086602646,0.000213708092644538,0.000363156986391555,0.000677442907415227,4.7186798979304e-06
0.852,0.852,0.897,0.973,0.6061,1,1,0.98492342583041,0.982415013439608,0.979715920143298,0.999372299525328,0.992174656842726,0.992485380934778,0.995933499608958,0.999523932064891
0.11,0.11,0.081,0,0.1404,0,0,0.000892201923681224,0.000835180467890773,0.00120693421284512,0.000158590752243892,0.000173187985734735,0.0001754101410123,0.000248947082606144,7.41923057212546e-06
0.284,0.136,0.479,0.008,0.4959,0,0,0.214873183556326,0.205181446875278,0.308373121166128,0.00519402915090561,0.0553752841409749,0.076826928143876,0.177967959643286,0.000604202068728021
0.347,0.279,0.474,0.058,0.0677,0,0,0.523637595944611,0.521487472243956,0.541267751476234,0.510506058172447,0.532796260941909,0.534566904721273,0.566567816420355,0.44178537627233
0.102,0.108,0.014,0,0,0,0,0.000215390005677829,0.000206997756191374,0.000514450424833335,0.000360930799740977,4.58015758653119e-08,7.12762604493378e-08,1.59221131834641e-07,1.73810743575586e-09
0.104,0.105,0.016,0,0,0,0,0.000334108866497651,0.000203173543777968,0.000332661507966847,0.0011369715159848,1.75214154296555e-08,3.18825144063339e-08,8.03339439414685e-08,8.33355727980489e-06
0.113,0.113,0.048,0.004,0.1561,0,0,0.000583139215704076,0.000685036578782494,0.00103790220285171,1.66580773020009e-05,0.000597789372613899,0.000719905418127276,0.000995233989788957,3.44895429549297e-06
0.344,0.111,0.32,0,0.506,0,0,0.0297955961720708,0.0260341889199811,0.191721452828881,8.83404632423535e-05,0.000110901845744582,0.000187180037092283,0.000185890685924228,2.00139907269303e-05
0.1,0.1,0.098,0,0,0,0,0.000114524145351513,0.000135576865458731,0.000386331891080172,0.00340614214543233,1.95115495760234e-06,2.85295302715483e-06,8.19053323164454e-06,1.52043429357818e-05
0.111,0.111,0.066,0,0,0,0,0.000176327769296769,0.000212857628298924,0.000809652219411205,0.000292517291866634,6.60230448090715e-08,1.2856231634828e-07,1.55528017131701e-06,8.43147662799026e-07
0.103,0.103,0.079,0,0,0,0,0.00174133518405339,0.00208600595902109,0.0033701596627389,0.000822208218504983,0.00183571299627427,0.00247639162518576,0.00406609546019787,0.000198291493109792
0.124,0.124,0.054,0.001,0,0,0,0.0332057782210793,0.0280996557859292,0.0274634986256617,0.272911844010484,0.0565999672880468,0.050558817452413,0.0600436872142129,0.413789092417836
0.356,0.356,0.485,0.006,0,0,0,0.504669187441636,0.500179632246409,0.383961349907502,0.0254442018558021,0.51834055130799,0.514346610465056,0.523092845389662,0.0347998943980588
0.128,0.128,0.116,0,0,0,0,0.00314277345500935,0.00337609361730884,0.00649134905206461,0.0010104402233102,0.00116201739644106,0.00185908112509958,0.00480635867480261,0.000122328084912748
0.099,0.099,0.067,0,0,0,0,0.000426580760966022,0.000400490042877788,0.000800912784748586,0.0139444435132496,3.7216302832821e-05,5.06831384905482e-05,5.63809497688972e-05,2.26731262209512e-06
0.607,0.607,0.667,0.432,0.2654,1,1,0.580006567407712,0.583235403545641,0.578196771531829,0.416727526751057,0.612760233501006,0.635278095128237,0.672859302194733,0.302965007697833
0.123,0.123,0.066,0.008,0.0186,0,0,0.00177909764099926,0.00201037707991292,0.00546052231990002,0.0188398445022875,0.00211463809324242,0.00210592685861322,0.00353415679873015,0.00845285153685982
0.849,0.849,0.817,0.987,0.6258,1,1,0.800809911487185,0.776447166891477,0.63422241994278,0.978051829575494,0.883006311291686,0.871492376118599,0.762847297992492,0.989272868166782
0.702,0.702,0.713,0.957,0.4099,1,1,0.801817112926857,0.788229108488186,0.75923547405314,0.944009146611035,0.887975095827359,0.876990565561034,0.905925968083629,0.973967481118635
0.567,0.567,0.545,0.962,0.4445,1,1,0.634496191876014,0.626293990432234,0.589035846513287,0.87672294328368,0.72555431521765,0.715865453723635,0.741570567959835,0.946379719287497
0.114,0.114,0.05,0,0.2087,0,0,0.0010222776116886,0.00108474152719529,0.00313275296856652,0.00782570725953446,8.07523742984984e-06,1.18147210881325e-05,9.69175857568061e-06,5.69498677105429e-07
0.105,0.105,0.104,0,0.1528,0,0,0.00116255028858481,0.000983996999999182,0.00150703269923724,0.0036543869186989,6.13182996644923e-05,9.38256316684871e-05,2.81706507632151e-05,0.000109327210697785
0.393,0.253,0.454,0.001,0.0758,0,0,0.291097547294046,0.255462796777373,0.384841954624662,0.00363720088270458,0.414162771260176,0.446722670396702,0.505430363934105,0.000905663852310834
0.112,0.112,0.055,0,0,0,0,0.00444331600397696,0.00491378351364702,0.0111219238701121,0.00416677642093077,0.00155602853138204,0.00244083536327544,0.00197733113045606,0.000805289395391373
0.23,0.23,0.161,0.506,0.3924,0,0,0.183467998947806,0.164115533889795,0.127456739499527,0.00999901061779607,0.243456394661077,0.222184886326611,0.186044745450593,0.0126962813654918
0.1,0.1,0.02,0,0,0,0,0.000309751832614502,0.000396999227074701,0.00109304905466567,0.00104927012312794,8.72230397330753e-05,0.00015301986958649,0.00067561175568942,0.000491802248991924
0.61,0.61,0.653,0.813,0.5008,1,1,0.849753516798494,0.837107861999139,0.812215317241578,0.652379123233681,0.918590227756689,0.90857041491074,0.935439873025495,0.574937484428615
0.123,0.1,0.047,0,0.075,0,0,0.00107433086576014,0.00128977313515577,0.00155311053616991,0.0115903467309275,2.89309355583356e-05,4.8549077800164e-05,1.44366825627351e-05,7.45269763102741e-05
0.101,0.101,0.015,0,0,0,0,0.000482846038689644,0.000307500904070945,0.000827763555912853,2.68107291789832e-05,9.67757316505669e-07,1.34110484273364e-06,5.1854778049254e-06,3.07553005285399e-08
0.119,0.119,0.05,0,0.2181,0,0,0.00182016533145424,0.00253338820501048,0.00324970385329193,5.34363899240553e-05,2.83483710328269e-05,5.23352098458219e-05,0.00025088022966413,3.95372623529511e-10
0.151,0.151,0.15,0.047,0.1613,0,0,0.061199631572646,0.0630185691930452,0.0856059270677911,0.0331481587550431,0.0872251692975312,0.0902605859049843,0.0891126218865956,0.0127283341302431
0.651,0.651,0.605,0.603,0.3404,1,1,0.562869839317786,0.577422206539369,0.564965532720883,0.537619116784701,0.58864243707307,0.610975890988062,0.633476739519307,0.554758726215012
0.724,0.184,0.682,0.026,0.3178,0,0,0.636131731013634,0.621246941087462,0.643459999059176,0.0180110539571166,0.690364262244929,0.680602358749009,0.75784850717898,0.00467958151322057
0.77,0.482,0.791,0.582,0.4736,1,1,0.825976196331974,0.81368103088729,0.8532980069506,0.561863396034124,0.772120317851092,0.762466336504498,0.84203122727076,0.523423200573953
0.106,0.101,0.026,0.044,0.2832,0,0,0.00029588712374462,0.000375109502293025,0.000614788036190639,0.00636947266211774,9.17381592913102e-08,1.55529911172181e-07,2.05664580921194e-07,0.000110956608241342
0.123,0.123,0.151,0,0,0,0,0.00127315739615996,0.00128060310181644,0.00402362583656224,0.00064145796305759,0.000433306423945901,0.000608067474008323,0.000318819865408049,9.03490684756036e-05
0.099,0.099,0.029,0,0,0,0,0.0003948996423353,0.000381127615853849,0.00144701834979388,0.000719412149630116,2.21698144242666e-05,2.62061319422635e-05,3.19070581222825e-05,1.83514456164602e-05
0.101,0.101,0.059,0,0,0,0,0.000547182847003835,0.000574796411556555,0.000982531713829005,0.000912562699535435,3.26662856431348e-05,2.41301150594175e-05,2.60947910812881e-05,3.64807465569328e-06
0.108,0.112,0.075,0,0,0,0,0.000176327769296769,0.000212857628298924,0.000809652219411205,0.00182469636761828,2.53578935627274e-09,4.74048356124968e-09,1.65810698504743e-08,9.39266442401276e-10
0.101,0.101,0.036,0,0,0,0,0.000988334199141239,0.00100470129338559,0.00243751156802752,7.54137556446821e-05,4.57735211156773e-05,8.37777971840481e-05,0.000260884006741957,3.37156791374582e-08
0.463,0.463,0.592,0.931,0.4875,1,1,0.585009708104746,0.582649878718535,0.580146228038436,0.784469533978369,0.653014482550887,0.638302910999504,0.673259764580256,0.805083535152492
0.114,0.114,0.046,0,0.0287,0,0,0.00111072912694743,0.00130617012188416,0.00459124358394458,0.00521983442743235,0.000292337998288872,0.000348726146213174,0.000878908938259926,4.91015508741199e-05
0.101,0.101,0.062,0,0,0,0,0.000587773502085387,0.000734470534662357,0.00112435263368127,9.5784267675203e-05,0.000287954414590619,0.000380468561387293,0.000976778871375483,8.45102526181307e-06
0.097,0.097,0.012,0,0,0,0,0.000175819520444875,0.000235582571459503,0.000681690394104262,3.81376894509344e-05,4.8541330732732e-07,1.0049393384115e-06,3.45740715390619e-06,8.18136669522573e-10
0.099,0.099,0.022,0,0,0,0,0.000113458468709027,0.000136321593746658,0.000519350677259389,0.000200099239913154,7.383747080425e-07,1.00555263893298e-06,2.63121905597075e-06,6.68992861108109e-09
0.102,0.102,0.019,0,0,0,0,0.000310513464554241,0.000204369525851344,0.00087987503270881,0.00619164042607423,1.91675022009896e-05,2.7399532116501e-05,2.60248004724239e-05,1.72668290954192e-05
0.101,0.101,0.021,0,0,0,0,0.00311475051483878,0.00301572879254142,0.00312694777564237,0.00328315297768,0.000654026774475902,0.000863041023617672,0.000589773093331303,0.000232148682675071
0.118,0.118,0.094,0.019,0,0,0,0.0213618090103984,0.0241471905993462,0.0273573728404108,0.105639038995962,0.0144379222666391,0.0170829320273724,0.0341147712425971,0.0474109844306203
0.099,0.099,0.043,0,0,0,0,0.00040191225886721,0.000411106486919444,0.000819276919341583,0.000712888437215398,2.37363837674032e-05,4.02342025296321e-05,8.27647186585345e-05,5.81625879902958e-06
0.104,0.104,0.017,0,0,0,0,0.000325004353873837,0.000407342980748293,0.00120021649649305,0.000471602900473655,2.69831141874732e-06,4.44564309587392e-06,1.1616743542664e-05,1.37408484590651e-08
0.127,0.127,0.096,0.004,0.1468,0,0,0.00102071130758441,0.0013268624075824,0.00223207258160052,0.00170450903082875,0.000309527598896242,0.000565391477587163,0.00209401171026524,0.000141943024685176
0.108,0.108,0.054,0,0,0,0,0.00195312495218536,0.00200640036988275,0.00655622914575105,0.000182013532770142,0.0002702038220459,0.00034888666283317,0.000651333292462919,2.10845697368178e-05
0.11,0.11,0.019,0,0,0,0,0.000279906795139784,0.000216259451406575,0.000529050642952278,0.000726078981876377,1.37436273695002e-06,2.56551550226192e-06,7.38860218563175e-06,6.0320637373934e-10
0.102,0.102,0.012,0,0,0,0,0.000108124888706929,7.19816243677229e-05,0.000233888033034368,9.85343567183605e-06,4.40328218331842e-09,6.81866119123242e-09,2.63258703725455e-08,1.20321530516776e-10
0.105,0.13,0.026,0,0,0,0,1.47030756370015e-05,1.7677824561968e-05,8.95929478694768e-05,7.67976060456199e-05,2.6098665451002e-08,4.40283409730569e-08,2.15340210107939e-07,2.36994512903266e-08
0.1,0.1,0.018,0,0,0,0,0.000199978528212519,0.000154583474569758,0.000491490344416423,0.000144136169204501,1.12028020637922e-06,2.21730372063078e-06,3.67633327336137e-06,1.86313473538036e-07
0.112,0.112,0.16,0,0,0,0,0.00651133239857993,0.00629552409577183,0.015940271628232,0.0295601736949691,0.000689071756796444,0.000968586308864872,0.00179472887788412,0.000148513345823442
0.101,0.101,0.079,0,0,0,0,0.00115385185244898,0.0015486200145487,0.0031999384880943,0.000314382065789154,0.000238143178958872,0.000420061391430693,0.000604551746494764,6.45354567563317e-07
0.103,0.103,0.032,0,0,0,0,0.00036427436538089,0.000341390096796346,0.00115779345668088,0.0030943067383693,1.16531258731456e-05,1.91959792994467e-05,8.16752601440207e-05,1.43191259294184e-06
0.102,0.102,0.017,0,0,0,0,0.000147304567004181,0.000157595994589865,0.00058313448773939,1.10672927977618e-05,1.49771043345126e-06,2.67910594597964e-06,1.14829265229766e-05,7.14726056116888e-08
0.351,0.351,0.375,0.258,0.3397,0,1,0.0115596951575614,0.0129534018034394,0.0275941952802206,0.284883966718472,0.000418128569510401,0.000487739075141214,0.00246975305916219,0.0217860935358227
0.171,0.171,0.262,0,0,0,0,0.00874712647776388,0.00898132019666598,0.0178944697258521,0.006421056034287,0.0118297021287672,0.0147743257659338,0.0279293820363247,0.00230753180452403
0.099,0.099,0.019,0,0.0644,0,0,0.000387688870102654,0.000320767948187584,0.00104157668068039,0.000268817674100585,2.06324402451941e-06,3.51468650627851e-06,3.9011784536136e-06,9.29124599480247e-08
0.103,0.103,0.059,0,0,0,0,0.000113345850591973,7.56343823438144e-05,0.000272441668081047,0.00332189851638187,6.31143859397554e-07,1.15076173923256e-06,1.15754258178669e-06,0.000204831070771405
0.109,0.109,0.052,0.008,0.2488,0,0,0.00206976520439772,0.00202223467502982,0.00217259147651916,0.0259084939087817,0.00135077368664804,0.00141813786754819,0.00160943887615783,0.00339192399356092
0.119,0.119,0.063,0,0.2366,0,0,0.000284391864890932,0.000345895512825489,0.00094212794628179,0.00414056412655128,0.000163433799391655,0.000274473277337428,0.000594816804337928,4.1052061108271e-05
0.102,0.102,0.072,0,0,0,0,9.24073443386852e-05,0.000107682471119919,0.000416157255751504,9.39439543912179e-05,2.23918676267587e-06,3.30249590785314e-06,8.60085462406346e-06,1.17796736809339e-07
0.1,0.1,0.038,0,0,0,0,0.00150488242477431,0.00168845707134713,0.00197478748557911,0.00525369908498607,8.6646696102477e-05,0.000114806850997073,0.000146718398403856,0.000515637459777007
0.097,0.097,0.022,0,0,0,0,0.000142275592347474,0.000169063162485106,0.000324936667086551,0.000633558383351662,5.60018698081421e-09,1.04321884464298e-08,2.65671751265018e-08,4.01668476257555e-09
0.226,0.226,0.222,0.008,0,0,0,0.0335440684781396,0.0395155153917037,0.0754831495653185,0.0239822957521918,0.0442183460768497,0.0547016860483951,0.16299989626847,0.0257513473402948
0.098,0.098,0.078,0,0,0,0,0.000279906795139784,0.000216259451406575,0.000529050642952278,0.00053944746883916,1.09930344160958e-06,1.92012942212827e-06,8.9659482283011e-06,7.06080569568002e-07
0.101,0.101,0.019,0,0,0,0,0.000243884888175838,0.000320770702584294,0.000838116755967899,0.000389010595620576,0.000420144084780638,0.000686700653824701,0.00144249410438668,1.28162845003388e-06
0.102,0.102,0.074,0,0,0,0,0.00293552956107668,0.00311354425498678,0.0079895598667945,0.0131490079079377,0.0014980802632425,0.00158791900574107,0.00171419558534724,0.000890805156366081
0.099,0.099,0.028,0,0,0,0,0.000612867793192695,0.000626483285852686,0.00221805382529805,0.0089253408925849,0.000125174081067048,0.000182829464587808,4.81619050951565e-05,1.01130539964522e-05
0.108,0.108,0.07,0,0.1652,0,0,0.00022947562418274,0.000291241512122564,0.000888523645574679,0.00195637469970755,1.97814030777899e-05,3.35628068359739e-05,6.58621180238406e-05,1.23412544450474e-05
0.105,0.105,0.011,0,0,0,0,3.55695507181508e-05,4.33589949233593e-05,0.000153038604038258,2.0884511986452e-05,2.66104471791095e-09,4.79216666349203e-09,1.55688528735709e-08,5.10347319959692e-11
0.099,0.099,0.039,0,0,0,0,0.00102427201407629,0.00113647241699155,0.00254499897004878,0.00166066077435634,4.79787986451541e-05,7.84724835356521e-05,0.00017639181254081,5.30085556738058e-05
0.098,0.098,0.139,0,0,0,0,0.00172554205427611,0.00190470916314078,0.00714683688870288,0.00010227414292574,0.000412850025013345,0.000500969513241856,0.000832460392925505,3.92031598739351e-06
0.107,0.107,0.04,0,0,0,0,4.74249433635165e-05,6.04916789348486e-05,0.00027752374743395,0.000117042674454559,1.87728232958762e-08,3.5224934080702e-08,2.24283838168304e-07,9.25377996452426e-09
0.505,0.505,0.409,0.321,0.1359,0,0,0.507280523224316,0.510864277331379,0.536661940444867,0.557623459525022,0.51080256275034,0.509292485502737,0.572060757111279,0.504619404101421
0.1,0.1,0.078,0,0,0,0,0.000568536251743801,0.000433091123555052,0.00070632929393355,0.0284802472761969,2.59387683576584e-05,4.72122701666855e-05,5.5528448403841e-05,7.39100578850405e-05
0.112,0.115,0.194,0.002,0,0,0,0.00701091990335856,0.00812724965007616,0.00831959387750603,0.0357619915754559,0.00691288493426034,0.00719369615244325,0.0106914350017129,0.0151412105188675
0.1,0.1,0.012,0,0,0,0,0.000467417216911681,0.000540015938306215,0.000782314954275165,7.01305529537954e-05,2.40925880801157e-06,3.39596997633862e-06,8.57401960763227e-06,1.51745218612831e-07
0.101,0.101,0.018,0,0,0,0,0.00025066271255092,0.000299247903365885,0.000986580967461403,7.65624850118662e-05,2.86622259260128e-07,4.99027312805822e-07,1.41869369363334e-06,2.7056179519036e-09
0.099,0.099,0.022,0,0.0012,0,0,0.000568568657033364,0.000335588520519181,0.000583443026660468,2.93272289408897e-05,1.49533671667257e-06,2.8637212268201e-06,4.81399967444673e-06,4.75797179433357e-11
0.098,0.098,0.032,0,0,0,0,0.000639076206880862,0.000651212802404988,0.00215899323647628,0.00128527573097559,9.61335893112647e-07,8.44019769630222e-07,1.63621139304126e-06,2.99873370579462e-08
0.103,0.103,0.125,0,0,0,0,0.00119213099243121,0.000979697770062682,0.0021720676453052,0.00101160684243817,0.00137816252292033,0.00127780605043482,0.00108177392492914,6.06092564092719e-05
0.108,0.108,0.093,0,0,0,0,0.00230103801756254,0.00228756695513921,0.00388707124158394,0.0142963397472595,0.00143386716614735,0.00218920635606912,0.00205239338287866,0.000345602619093999
0.698,0.212,0.704,0.062,0.37,0,0,0.957366580807983,0.946503120986733,0.920751372250901,0.91661697381322,0.974032432887934,0.97335332041613,0.972327185375111,0.846551921193586
0.1,0.1,0.088,0,0,0,0,0.000548736056569243,0.00058063826257726,0.00198634106627127,0.106426812149167,1.61218525307483e-05,1.86932244328197e-05,5.23819471420772e-05,0.000255628432972443
0.097,0.097,0.04,0,0,0,0,0.000594302133747338,0.000551156539447817,0.00102327001894942,0.000992604483456283,1.74103574224205e-06,2.18251200001518e-06,4.84190069371948e-06,3.82200611159789e-07
0.104,0.104,0.031,0,0,0,0,0.000250026641572809,0.000237863090091217,0.000580588352863121,0.0132272153419222,6.53474139689081e-06,1.07094605250602e-05,3.32254757884343e-05,2.88462190822791e-05
0.277,0.277,0.331,0.127,0.2321,0,0,0.556435631078226,0.561100502439186,0.539442809624356,0.885298290677045,0.538456238165276,0.53990018617146,0.545889760016104,0.88391849665963
0.105,0.105,0.043,0,0,0,0,0.00150488242477431,0.00168845707134713,0.00444156472431345,0.0179279310096692,0.000249473971734027,0.000170895572582097,0.000550246023898193,0.000329015872195804
0.102,0.102,0.048,0,0,0,0,0.00142115090315587,0.00177211506344532,0.00366446581288926,0.00126741692550558,0.000142266615965614,0.000225854877995424,0.000381632930521736,9.5818005390047e-05
0.1,0.1,0.015,0,0,0,0,0.000103614917819073,0.000122006795451046,0.000461641369240429,0.00452390500909061,4.12080929379499e-07,7.93989536340689e-07,3.19908793677826e-06,3.69585591020183e-07
0.125,0.151,0.221,0,0,0,0,0.0154194442317235,0.0154459756311187,0.029173162968319,0.00173484187761863,0.0193232501481311,0.0228541311501607,0.0429071104681533,0.000894807820188692
0.13,0.13,0.106,0,0,0,0,0.000753382481557541,0.000777657392014852,0.00189107896203966,0.000959229392905048,0.000972029129138186,0.00130403269034796,0.00220321333186391,1.09443860085712e-05
0.102,0.102,0.156,0,0,0,0,0.00293310737695673,0.0028957914014871,0.00515708078265176,0.000277108429522777,6.84274963647091e-05,9.29243698077897e-05,0.00018230442457412,5.29521517966813e-06
0.097,0.097,0.017,0,0,0,0,0.000475740660286217,0.000537997820004854,0.00294684616739316,0.0010001340668242,1.9639830406426e-06,3.35275927687562e-06,1.57050821991689e-05,6.49603348890082e-08
0.104,0.104,0.077,0,0,0,0,0.000616915752735814,0.000584873493052473,0.00155595430070266,0.0218930514601468,7.38614552142636e-05,9.44317690665386e-05,0.000137374583983885,0.000977967828970083
0.098,0.098,0.017,0,0,0,0,0.00036427436538089,0.000341390096796346,0.000770284105566788,0.00330621518457974,5.33817168246742e-08,9.84769688017195e-08,3.3599367954551e-07,7.06828817698124e-09
0.108,0.108,0.034,0,0,0,0,0.000499167398155809,0.00062720910418923,0.00215305260318654,0.00369155437778046,0.000364709260631813,0.000431774210860603,0.00141306594917845,7.60791881271317e-06
0.099,0.099,0.044,0,0,0,0,0.000426580760966022,0.000400490042877788,0.000800912784748586,0.00120171240706179,5.41202943349361e-06,8.17215169313101e-06,1.10145453602328e-05,7.71930157572598e-07
0.103,0.103,0.049,0,0,0,0,0.000220305743201532,0.000261240642942528,0.001463110393356,0.000298361719752727,5.00461874008984e-05,7.63854313601264e-05,0.000164646398117529,1.1849276182474e-06
0.106,0.106,0.013,0,0,0,0,0.00025066271255092,0.000299247903365885,0.000986580967461403,4.8685559317363e-05,1.92010229937978e-08,3.13531556273006e-08,5.34463406864916e-08,1.27937660465705e-10
0.108,0.108,0.016,0,0,0,0,0.000116799422984482,7.8004077361804e-05,0.000263487968765741,0.000106828959345329,1.25420314134317e-07,2.08583912364446e-07,1.20719318319473e-06,6.82232048632159e-10
0.098,0.098,0.017,0,0.2478,0,0,0.000135195356372186,9.71292376616972e-05,0.000360088481352605,0.000286029575364832,1.7067615099009e-06,2.12967675494724e-06,5.26412427426237e-06,2.93653519278791e-07
0.102,0.102,0.02,0,0.0666,0,0,0.00198429402896716,0.00216653834657299,0.00421891082798664,0.0105188568648451,4.54119867621117e-05,7.0760678139159e-05,0.000132851548106938,0.000125179073535708
0.101,0.101,0.034,0,0.0109,0,0,0.00419993211605352,0.00398142936335333,0.00910114610809698,0.000371117436728241,0.00112249144510024,0.00141422269555713,0.00287383176441391,8.63672526829617e-06
0.115,0.115,0.179,0,0.0174,0,0,0.000163045438437148,0.000188590880325634,0.000549253747987866,0.000252632453867641,5.75781678113785e-06,8.0575071548239e-06,2.50486311892395e-05,3.56839382487095e-07
0.122,0.122,0.203,0,0,0,0,0.00304258117043821,0.00338543580826522,0.00504334786279648,0.00626525249875609,0.00316762464732889,0.00409132233340603,0.0021902911821936,0.00146091893283851
0.099,0.099,0.015,0,0.0233,0,0,0.000103614917819073,0.000122006795451046,0.000461641369240429,0.000218529717015414,3.87518417355182e-08,9.38509714387692e-08,2.7342819564069e-07,5.65149260722819e-09
0.099,0.099,0.022,0,0,0,0,0.00125148161939315,0.00128494384468825,0.00427815125148889,5.83869682091454e-05,1.93209653076565e-05,3.19856320230016e-05,7.82107891916795e-05,9.84541910220571e-07
0.799,0.799,0.866,0.974,0.4488,1,1,0.91754015148352,0.904015058441915,0.867024207560705,0.966740854831179,0.926699667247787,0.913249605193012,0.934328788441231,0.939413457070887
0.14,0.14,0.128,0.008,0.1992,0,0,0.00460895543747508,0.00431135599427535,0.00856100131209292,0.0198713460926681,0.00366369693258761,0.00391315739827425,0.00305520866451081,0.00296707934464457
0.103,0.103,0.05,0,0,0,0,0.000804222319847891,0.000379960649008471,0.00105757496939862,0.00777417469384645,0.000102771038799077,0.000146631661732677,0.000225318185671508,0.0013183724445609
0.107,0.107,0.09,0.001,0,0,0,0.00111775924664936,0.00155055460733244,0.0021944408955954,0.0400854399410533,0.00041362498580888,0.000715153172694549,0.00140712309286251,0.011730252380493
0.107,0.107,0.057,0,0,0,0,0.000767524093283622,0.000775693506911423,0.00260197750779234,0.00458211168242517,7.81448318276645e-06,1.35591089112097e-05,2.95139102690634e-05,7.9845386480315e-06
0.29,0.29,0.331,0.252,0.1687,0,0,0.545580188280562,0.530530904580964,0.515869809017218,0.818457683292491,0.541625955724935,0.530974886341914,0.534532042301511,0.815693779157957
0.103,0.103,0.024,0,0,0,0,0.000304384404710145,0.000354463108465097,0.000809952955858062,0.000664178514639957,1.11157351811997e-05,1.31565487482277e-05,3.71767489992791e-05,5.61083697281362e-07
0.096,0.096,0.049,0,0,0,0,0.00290197285409688,0.00188199132318267,0.0023613781444487,0.0246181347900198,3.0955366150387e-05,4.75790383225316e-05,6.23445455572025e-05,5.58295152619515e-05
0.144,0.144,0.116,0.001,0.1269,0,0,0.0113474648529777,0.0122939823152279,0.0144933080011689,0.000113998458015629,0.00328271203644759,0.00525623600265535,0.0104159650454894,4.23607713351259e-07
0.109,0.109,0.052,0,0.0836,0,0,0.0114904983877007,0.0128664878717233,0.0283799140657748,0.0210734435193682,0.000155021849370662,0.000165741536441999,0.000272679484694116,0.00127757144164242
0.1,0.1,0.025,0,0,0,0,0.000107261458628383,0.000138909038769341,0.000506612540318585,0.000480431188270014,1.94949272280809e-07,3.94402417391859e-07,2.39075525820809e-06,2.36228780980952e-07
0.117,0.117,0.084,0,0.14,0,0,0.00677716077015056,0.00679548932490004,0.00925985821615072,0.000484644796998612,2.11469940891718e-06,3.63508025458259e-06,3.12887891440461e-05,1.13348392893897e-07
0.659,0.659,0.691,0.984,0.5456,1,1,0.529796684738738,0.531498857225352,0.531108454672165,0.752977240694175,0.567720586793094,0.56878424888305,0.620212924555525,0.878569821972984
0.097,0.097,0.024,0,0.0629,0,0,0.000438667512321356,0.000392464579705987,0.00100891403201686,0.00152337240759026,0.000152011091354431,0.000176543616869917,0.00025984994257211,5.5000281471429e-05
0.823,0.353,0.851,0.997,0.5888,1,1,0.903266786505708,0.907011394376019,0.867044089820471,0.905679360084428,0.949649079443338,0.959763091819979,0.966748411696085,0.846995174976333
0.099,0.099,0.042,0,0,0,0,0.0255070653899958,0.0222233370352076,0.0182775266643787,0.0220197305066772,0.00893533042048755,0.00957331593213651,0.0112930954427548,0.0027048108328831
0.101,0.101,0.011,0,0,0,0,6.30296148962373e-05,7.96204489761365e-05,0.000288854619270307,9.39433575775084e-05,2.08135730872527e-10,4.29096758125525e-10,2.70353517350941e-09,8.96083207635456e-11
0.1,0.1,0.049,0,0,0,0,0.000670521174039873,0.000713081490404388,0.00217389658242473,0.000164170220424698,1.07248974279273e-05,1.30867577774474e-05,2.59940788516211e-05,2.16750388748466e-07
0.103,0.103,0.054,0,0.0882,0,0,0.00507389007666559,0.00610848500734562,0.0115647875968272,0.0105544652190348,0.00132976487175807,0.00100370424978902,0.00465366820114221,1.80794295090436e-06
0.109,0.109,0.034,0,0,0,0,0.000474240379910729,0.000569626597684003,0.00200599790131983,0.000674271775875646,0.000192036352464342,0.000331551679133568,0.000260556087050556,0.000206304893426434
0.15,0.15,0.137,0.008,0.0151,0,0,0.0271807277285752,0.0263645123992329,0.0236625606956453,0.28075067003174,0.0354063032656038,0.035480855126464,0.0501814602845108,0.472530977085039
0.104,0.104,0.009,0,0.0406,0,0,0.000235520520242005,0.000132769510692299,0.00041261050050867,5.2997990152015e-05,3.61951713045983e-08,4.89770402012368e-08,2.07015358189011e-07,2.14723350211443e-09
0.103,0.103,0.014,0,0,0,0,4.83264775663628e-05,6.03308438873462e-05,0.00023129386282239,0.000271856052489472,8.66623395268107e-08,1.45056602285365e-07,1.08339697213466e-07,4.23342960687023e-08
0.104,0.104,0.01,0,0,0,0,0.000170269675336954,0.000162827860770154,0.000339715721660028,0.000286641912725649,2.0208590356674e-09,4.06309652589698e-09,2.03819183752785e-08,9.17932396760079e-12
0.109,0.109,0.01,0,0,0,0,0.00086601408962439,0.000661620047128775,0.00141078285419427,0.0023897502532777,2.4949707144728e-06,3.73839186051939e-06,7.71448176450917e-06,4.81894228965274e-07
0.102,0.102,0.031,0,0,0,0,0.000449854407225114,0.000478606504938917,0.00133751859604736,0.00627708497044521,0.000153380501000111,0.000162605107236757,0.000496139528893824,0.00144037928314855
0.103,0.103,0.033,0,0,0,0,5.96461539270621e-05,7.58907687692378e-05,0.00028967914569078,2.97750306632594e-06,1.07529407600282e-08,2.07521688722068e-08,1.24299162074237e-07,1.80775394653665e-10
0.332,0.332,0.302,0.558,0.4047,0,0,0.53962050839051,0.557017193782784,0.569344017287622,0.22313428581495,0.516724227323029,0.53314889797861,0.568218779849821,0.0473305126491619
0.762,0.762,0.78,0.999,0.5286,0,0,0.143424240965064,0.14303567237463,0.329283152697053,0.00471286121760395,0.00465484951529094,0.00686378258673903,0.02758561634715,0.000107440535968006
0.102,0.102,0.017,0,0,0,0,0.000295093371445176,0.000352614711280896,0.000729731401212241,0.000937692183462513,2.33763228774109e-07,4.91622380582868e-07,1.0350363277567e-06,1.00235375555258e-09
0.309,0.119,0.316,0,0.1865,0,0,0.53417104319498,0.527257735538204,0.569590862693931,0.00680187688621103,0.0381291372623638,0.0503292781017595,0.130606353173446,0.000484079038145513
0.108,0.108,0.02,0,0,0,0,0.000205856888513267,0.000204436589354984,0.000411584646002883,0.000157452868105867,1.92134841370262e-08,2.7913240607802e-08,9.07155905949253e-08,2.01525018894699e-09
0.733,0.249,0.629,0.944,0.3966,0,0,0.996801948178248,0.995753702023573,0.994264419262779,0.933709320790404,0.998313529304882,0.997955966347269,0.998203523395005,0.955978720555133
0.116,0.116,0.233,0,0,0,0,0.0105424407747945,0.0109709158799198,0.0156242998344114,0.00421206223821802,0.0113437750465439,0.0126898236215123,0.0215037512300587,0.000291709257329575
0.675,0.168,0.496,0.004,0.6418,0,0,0.992637635408358,0.992279447770757,0.992448490494421,0.716087862196528,0.996129199343722,0.9972049200158,0.998791242343924,0.79248820138329
0.102,0.102,0.011,0,0,0,0,2.83854519977922e-05,3.46311584786818e-05,0.000128144546922559,2.7721394613156e-05,1.1283898260217e-08,2.25696084044102e-08,9.8739070253373e-08,1.80218950873723e-09
0.408,0.179,0.599,0.011,0.4236,0,0,0.764902284627278,0.766991811132506,0.886209135585359,0.000507435692058689,0.00822114685705255,0.00985177378724611,0.040719351569467,0.000239716111232191
0.102,0.102,0.041,0,0,0,0,6.72047451066859e-05,7.96204489761365e-05,0.000288854619270307,0.00215742783548745,1.08302643275771e-05,1.99233922781872e-05,0.000103469808110379,0.000139868370916396
0.1,0.1,0.035,0,0,0,0,0.000177595423138666,0.000186187509212399,0.000663719829052667,2.310581608711e-05,3.26413958973149e-06,4.96487054357786e-06,1.49946199345941e-05,4.56165694107113e-07
0.109,0.109,0.011,0,0,0,0,6.90229442845691e-05,8.32850891696602e-05,0.000220273787066017,0.000195964515377067,6.20565820952379e-09,9.84180736907092e-09,2.3734005871745e-08,5.00114172297117e-09
0.111,0.111,0.014,0,0,0,0,1.79638367070467e-06,2.28364507970369e-06,1.12568076482411e-05,9.14049658407023e-06,1.66977542903624e-12,3.25517390820096e-12,3.08331138398898e-11,3.07309733216243e-12
0.105,0.105,0.05,0,0,0,0,0.00121629692989345,0.000908019235033031,0.00123878803777178,0.00201236352467049,7.91456442739147e-05,8.8877015602673e-05,0.000141164067497535,4.55650169972621e-05
0.102,0.102,0.013,0,0,0,0,8.09230123000049e-05,9.78052270217411e-05,0.0003617013685564,0.000423711801129656,1.48821843737323e-08,2.05353600790659e-08,6.76537492694251e-08,1.59180668646286e-09
0.098,0.098,0.015,0,0,0,0,0.00566050435238719,0.00540002995759847,0.0139105990993227,0.0301728658789169,1.11085706611114e-05,1.29371278334567e-05,3.1716818833516e-05,1.72954184529672e-06
0.152,0.12,0.142,0.005,0.4255,0,0,7.07992211235187e-05,0.00011941317785924,0.000972813389736871,0.000569703740309624,1.02662492285077e-06,1.69640340219601e-06,5.22631542265728e-06,1.08203188631251e-07
0.105,0.105,0.013,0,0,0,0,0.000328803990210513,0.000384119354119861,0.000642017127534533,0.00229423271705498,5.53961079230447e-07,9.33169626016195e-07,2.43667217958432e-06,2.09163528719358e-07
0.101,0.101,0.048,0,0,0,0,0.000224483029929168,0.000138542758438831,0.000553807166066012,0.000104486589211916,2.35047288743573e-06,4.45309584096165e-06,1.36068379741339e-05,1.18642682345182e-07
0.112,0.112,0.016,0,0,0,0,0.000133601884539924,0.000157141128347416,0.000319417188174853,0.000343927202290928,8.90350015936292e-10,1.60338409216365e-09,7.00183466761928e-09,8.90354456828391e-11
0.109,0.109,0.034,0,0,0,0,4.53325618510192e-05,5.87850787581168e-05,0.000214958235871254,9.60686319384507e-06,1.46780696708149e-06,2.83207226337012e-06,1.51101148104793e-05,6.83601619755336e-08
0.103,0.103,0.011,0,0,0,0,0.000279906795139784,0.000216259451406575,0.000529050642952278,0.000532515467637218,3.8732492768645e-08,7.45399919566125e-08,2.18418663155973e-07,9.82014469741443e-11
0.103,0.103,0.018,0,0,0,0,0.000714784702970928,0.000403296575193224,0.000583443026660468,0.00317040078111175,8.89806583970199e-08,1.59203772387428e-07,3.07183776193654e-07,4.49996040430278e-09
0.104,0.104,0.022,0,0,0,0,1.47030756370015e-05,1.7677824561968e-05,7.16082980756205e-05,0.000102233222023518,6.20826570152389e-07,1.1562321944325e-06,6.42752003177094e-06,9.54676579567604e-06
0.098,0.098,0.031,0,0,0,0,0.000401739638495879,0.000375901301017389,0.00103481988084075,0.000515252008819189,8.01287766005743e-05,8.83872502210892e-05,2.72244290266954e-05,2.51563402287047e-05
