"";"signalP3nn";"signalP41notm";"name";"taxon";"type";"A";"C";"D";"E";"F";"G";"H";"I";"K";"L";"M";"N";"P";"Q";"R";"S";"T";"V";"W";"Y"
"1";TRUE;TRUE;"MSP1_PLAYO";"plasmodium";"signal";0,0588235294117647;0,0588235294117647;0;0;0,235294117647059;0,0588235294117647;0;0,117647058823529;0,176470588235294;0,117647058823529;0;0;0;0;0;0,0588235294117647;0;0,117647058823529;0;0
"2";TRUE;TRUE;"MSP1_PLAYO";"plasmodium";"mature";0,0769669327251995;0,0108323831242873;0,0473204104903079;0,096921322690992;0,0262257696693273;0,0450399087799316;0,00912200684150513;0,0587229190421893;0,0974914481185861;0,0866590649942987;0,0119726339794755;0,0661345496009122;0,0501710376282782;0,0444697833523375;0,0233751425313569;0,0769669327251995;0,0769669327251995;0,0501710376282782;0,00114025085518814;0,0433295324971494
"3";TRUE;TRUE;"P230_PLAF7";"plasmodium";"signal";0;0;0;0;0,105263157894737;0;0;0,263157894736842;0,157894736842105;0,210526315789474;0;0,0526315789473684;0;0;0;0,0526315789473684;0,0526315789473684;0,0526315789473684;0;0,0526315789473684
"4";TRUE;TRUE;"P230_PLAF7";"plasmodium";"mature";0,0195826645264848;0,0224719101123595;0,0683788121990369;0,0979133226324237;0,0500802568218299;0,0404494382022472;0,0247191011235955;0,0825040128410915;0,113643659711075;0,0728731942215088;0,0105939004815409;0,0924558587479936;0,0356340288924559;0,0240770465489567;0,0154093097913323;0,0590690208667737;0,0574638844301766;0,0606741573033708;0,00192616372391653;0,0500802568218299
"5";TRUE;TRUE;"PF12_PLAF7";"plasmodium";"signal";0;0,0833333333333333;0;0,0416666666666667;0,0416666666666667;0,0833333333333333;0;0,125;0,125;0,208333333333333;0;0;0;0;0;0,125;0;0,0833333333333333;0;0,0833333333333333
"6";TRUE;TRUE;"PF12_PLAF7";"plasmodium";"mature";0,0217391304347826;0,0403726708074534;0,0403726708074534;0,0527950310559006;0,0652173913043478;0,0279503105590062;0,0186335403726708;0,0869565217391304;0,0900621118012422;0,0714285714285714;0,0217391304347826;0,108695652173913;0,0434782608695652;0,015527950310559;0,0217391304347826;0,118012422360248;0,0652173913043478;0,0496894409937888;0,0031055900621118;0,0372670807453416
"7";TRUE;TRUE;"PF41_PLAF7";"plasmodium";"signal";0,0526315789473684;0,0526315789473684;0;0;0,0526315789473684;0,0526315789473684;0;0,0526315789473684;0,0526315789473684;0,157894736842105;0;0;0;0,0526315789473684;0,0526315789473684;0,105263157894737;0;0,210526315789474;0,105263157894737;0
"8";TRUE;TRUE;"PF41_PLAF7";"plasmodium";"mature";0,0251396648044693;0,0335195530726257;0,0642458100558659;0,0502793296089385;0,0558659217877095;0,0418994413407821;0,0195530726256983;0,0642458100558659;0,111731843575419;0,0698324022346369;0,0111731843575419;0,11731843575419;0,0391061452513966;0,0335195530726257;0,0167597765363128;0,0810055865921788;0,0502793296089385;0,0698324022346369;0;0,0446927374301676
"9";TRUE;TRUE;"SERA_PLAFG";"plasmodium";"signal";0;0,0666666666666667;0;0;0,2;0;0;0,2;0,0666666666666667;0,133333333333333;0;0,0666666666666667;0;0;0;0,133333333333333;0;0,0666666666666667;0;0,0666666666666667
"10";TRUE;TRUE;"SERA_PLAFG";"plasmodium";"mature";0,0287769784172662;0,0277492291880781;0,0637204522096608;0,0822199383350462;0,0318602261048304;0,065775950668037;0,0215827338129496;0,0503597122302158;0,092497430626927;0,065775950668037;0,0174717368961973;0,0976361767728674;0,0298047276464543;0,0195272353545735;0,0164439876670093;0,108941418293936;0,0606372045220966;0,0585817060637204;0,0092497430626927;0,0513874614594039
"11";TRUE;TRUE;"AMA1_PLACH";"plasmodium";"signal";0;0,1;0;0,05;0;0,05;0;0,2;0,05;0,2;0;0,1;0;0;0;0,05;0;0,05;0;0,15
"12";TRUE;TRUE;"AMA1_PLACH";"plasmodium";"mature";0,0465549348230912;0,0297951582867784;0,0670391061452514;0,0819366852886406;0,0409683426443203;0,0521415270018622;0,0148975791433892;0,0707635009310987;0,106145251396648;0,0595903165735568;0,0186219739292365;0,074487895716946;0,0465549348230912;0,0353817504655493;0,0353817504655493;0,0633147113594041;0,0502793296089385;0,0502793296089385;0,00931098696461825;0,0465549348230912
"13";TRUE;TRUE;"AMA1_PLAFF";"plasmodium";"signal";0,0434782608695652;0,0434782608695652;0;0,0434782608695652;0,130434782608696;0,0869565217391304;0;0,0434782608695652;0,0434782608695652;0,173913043478261;0,0434782608695652;0,0434782608695652;0;0;0,0869565217391304;0,0434782608695652;0,0434782608695652;0,0434782608695652;0;0,0869565217391304
"14";TRUE;TRUE;"AMA1_PLAFF";"plasmodium";"mature";0,0551839464882943;0,0267558528428094;0,0652173913043478;0,0936454849498328;0,0367892976588629;0,0434782608695652;0,0334448160535117;0,0568561872909699;0,0903010033444816;0,0518394648829431;0,0234113712374582;0,0785953177257525;0,0585284280936455;0,0317725752508361;0,0317725752508361;0,0618729096989967;0,0418060200668896;0,0468227424749164;0,0100334448160535;0,0618729096989967
"15";TRUE;TRUE;"CATC_PLAF7";"plasmodium";"signal";0,0769230769230769;0,0384615384615385;0;0;0,115384615384615;0;0,0384615384615385;0,115384615384615;0,0769230769230769;0,192307692307692;0;0,0384615384615385;0;0;0,0384615384615385;0,115384615384615;0;0,153846153846154;0;0
"16";TRUE;TRUE;"CATC_PLAF7";"plasmodium";"mature";0,0326894502228826;0,0237741456166419;0,0609212481426449;0,0683506686478455;0,0386329866270431;0,0683506686478455;0,0222882615156018;0,0549777117384844;0,0742942050520059;0,0787518573551263;0,0148588410104012;0,117384843982169;0,0341753343239227;0,0326894502228826;0,0326894502228826;0,062407132243685;0,0609212481426449;0,0445765230312036;0,0193164933135215;0,0579494799405646
"17";TRUE;TRUE;"CSP_PLABE";"plasmodium";"signal";0,0454545454545455;0,0454545454545455;0;0;0;0,0909090909090909;0;0,0454545454545455;0,0909090909090909;0,272727272727273;0;0,0454545454545455;0,0454545454545455;0;0;0,0909090909090909;0,0454545454545455;0,136363636363636;0;0,0454545454545455
"18";TRUE;TRUE;"CSP_PLABE";"plasmodium";"mature";0,0569620253164557;0,0158227848101266;0,0664556962025316;0,0379746835443038;0,0158227848101266;0,0284810126582278;0,00316455696202532;0,0443037974683544;0,0632911392405063;0,0474683544303797;0,00632911392405063;0,180379746835443;0,234177215189873;0,0664556962025316;0,0379746835443038;0,0348101265822785;0,0158227848101266;0,0284810126582278;0,00316455696202532;0,0126582278481013
"19";TRUE;TRUE;"CSP_PLAFO";"plasmodium";"signal";0,0666666666666667;0;0;0;0,133333333333333;0;0;0,0666666666666667;0,0666666666666667;0,2;0,0666666666666667;0;0;0;0,0666666666666667;0,2;0;0,133333333333333;0;0
"20";TRUE;TRUE;"CSP_PLAFO";"plasmodium";"mature";0,120734908136483;0,0131233595800525;0,041994750656168;0,0446194225721785;0,010498687664042;0,0341207349081365;0,0078740157480315;0,020997375328084;0,0551181102362205;0,041994750656168;0,010498687664042;0,307086614173228;0,136482939632546;0,020997375328084;0,0131233595800525;0,047244094488189;0,010498687664042;0,0341207349081365;0,005249343832021;0,0236220472440945
"21";TRUE;TRUE;"CSP_PLABR";"plasmodium";"signal";0,0454545454545455;0;0,0454545454545455;0;0,136363636363636;0,0454545454545455;0,0454545454545455;0,0909090909090909;0,0909090909090909;0,181818181818182;0;0;0,0454545454545455;0;0;0,136363636363636;0;0,0909090909090909;0;0,0454545454545455
"22";TRUE;TRUE;"CSP_PLABR";"plasmodium";"mature";0,279220779220779;0,0108225108225108;0,0454545454545455;0,0411255411255411;0,00865800865800866;0,155844155844156;0,00865800865800866;0,0194805194805195;0,0476190476190476;0,0367965367965368;0;0,205627705627706;0,012987012987013;0,00649350649350649;0,0173160173160173;0,0411255411255411;0,0216450216450216;0,0281385281385281;0,00216450216450216;0,0108225108225108
"23";TRUE;TRUE;"CSP_PLAKH";"plasmodium";"signal";0,0555555555555556;0;0,0555555555555556;0;0,0555555555555556;0;0;0,111111111111111;0,0555555555555556;0,333333333333333;0;0,0555555555555556;0,0555555555555556;0;0;0,111111111111111;0;0,111111111111111;0;0
"24";TRUE;TRUE;"CSP_PLAKH";"plasmodium";"mature";0,145348837209302;0,0116279069767442;0,0581395348837209;0,0494186046511628;0,0116279069767442;0,171511627906977;0,0116279069767442;0,0145348837209302;0,061046511627907;0,0377906976744186;0,00581395348837209;0,0959302325581395;0,0581395348837209;0,130813953488372;0,0290697674418605;0,0319767441860465;0,0203488372093023;0,0494186046511628;0,00290697674418605;0,00290697674418605
"25";TRUE;TRUE;"ISPF_PLAF7";"plasmodium";"signal";0;0;0;0,0434782608695652;0,130434782608696;0,0434782608695652;0;0,130434782608696;0,0869565217391304;0,217391304347826;0;0,0434782608695652;0;0;0;0,0434782608695652;0,130434782608696;0,0869565217391304;0;0,0434782608695652
"26";TRUE;TRUE;"ISPF_PLAF7";"plasmodium";"mature";0,037037037037037;0,0138888888888889;0,0555555555555556;0,0462962962962963;0,037037037037037;0,0694444444444444;0,0185185185185185;0,138888888888889;0,12962962962963;0,0925925925925926;0;0,12037037037037;0,0138888888888889;0,0231481481481481;0,0231481481481481;0,0601851851851852;0,0277777777777778;0,0509259259259259;0;0,0416666666666667
"27";TRUE;TRUE;"KNOB_PLAFG";"plasmodium";"signal";0,0303030303030303;0,0303030303030303;0;0;0,121212121212121;0;0;0,0303030303030303;0,212121212121212;0,151515151515152;0;0,0606060606060606;0,0303030303030303;0;0,0606060606060606;0,0606060606060606;0,0606060606060606;0,121212121212121;0,0303030303030303;0
"28";TRUE;TRUE;"KNOB_PLAFG";"plasmodium";"mature";0,095;0,0183333333333333;0,05;0,08;0,015;0,108333333333333;0,0816666666666667;0,00666666666666667;0,14;0,0216666666666667;0,005;0,075;0,0383333333333333;0,05;0,0166666666666667;0,0733333333333333;0,0583333333333333;0,0333333333333333;0;0,0333333333333333
"29";TRUE;FALSE;"LIPA_PLAKH";"plasmodium";"signal";0,0454545454545455;0,0909090909090909;0;0;0,181818181818182;0,0454545454545455;0;0,0909090909090909;0,0454545454545455;0,0909090909090909;0;0;0,0454545454545455;0;0,0909090909090909;0,0454545454545455;0,0454545454545455;0,0909090909090909;0;0,0909090909090909
"30";TRUE;FALSE;"LIPA_PLAKH";"plasmodium";"mature";0,0620525059665871;0,0238663484486874;0,045346062052506;0,0787589498806683;0,035799522673031;0,0596658711217184;0,0238663484486874;0,045346062052506;0,109785202863962;0,0763723150357995;0,0310262529832936;0,0477326968973747;0,045346062052506;0,0334128878281623;0,0644391408114559;0,0572792362768496;0,0548926014319809;0,0620525059665871;0,00954653937947494;0,0334128878281623
"31";TRUE;TRUE;"LIPA_PLAYO";"plasmodium";"signal";0;0;0;0;0,266666666666667;0;0;0,0666666666666667;0;0,2;0;0,0666666666666667;0,0666666666666667;0;0;0,133333333333333;0;0,133333333333333;0;0,0666666666666667
"32";TRUE;TRUE;"LIPA_PLAYO";"plasmodium";"mature";0,0493827160493827;0,0246913580246914;0,0555555555555556;0,0720164609053498;0,0329218106995885;0,051440329218107;0,0185185185185185;0,0781893004115226;0,11522633744856;0,0679012345679012;0,0185185185185185;0,088477366255144;0,037037037037037;0,0349794238683128;0,0390946502057613;0,0534979423868313;0,0473251028806584;0,065843621399177;0,00617283950617284;0,0432098765432099
"33";TRUE;TRUE;"LIPA_PLAF7";"plasmodium";"signal";0;0,0454545454545455;0;0;0,136363636363636;0,0454545454545455;0,0454545454545455;0,227272727272727;0,0454545454545455;0,136363636363636;0,0454545454545455;0;0,0454545454545455;0;0,0454545454545455;0,0909090909090909;0;0;0;0,0909090909090909
"34";TRUE;TRUE;"LIPA_PLAF7";"plasmodium";"mature";0,0459183673469388;0,0229591836734694;0,0510204081632653;0,0561224489795918;0,0331632653061225;0,0561224489795918;0,0178571428571429;0,0714285714285714;0,125;0,0841836734693878;0,0178571428571429;0,0816326530612245;0,0459183673469388;0,0255102040816327;0,038265306122449;0,048469387755102;0,0612244897959184;0,0586734693877551;0,0076530612244898;0,0510204081632653
"35";FALSE;FALSE;"MSA2_PLAF7";"plasmodium";"signal";0;0;0;0;0,210526315789474;0;0;0,263157894736842;0,105263157894737;0,0526315789473684;0;0,105263157894737;0;0;0;0,0526315789473684;0,105263157894737;0,105263157894737;0;0
"36";FALSE;FALSE;"MSA2_PLAF7";"plasmodium";"mature";0,107142857142857;0,00793650793650794;0,0317460317460317;0,0674603174603175;0,0158730158730159;0,103174603174603;0,0198412698412698;0,0277777777777778;0,0555555555555556;0,0238095238095238;0,0119047619047619;0,111111111111111;0,0515873015873016;0,0555555555555556;0,0119047619047619;0,142857142857143;0,123015873015873;0,0238095238095238;0;0,00793650793650794
"37";FALSE;TRUE;"AMA1_PLAFR";"plasmodium";"signal";0,05;0,15;0;0;0,05;0,05;0,05;0,1;0,1;0,15;0,05;0,05;0;0,05;0;0,05;0;0,05;0;0,05
"38";FALSE;TRUE;"AMA1_PLAFR";"plasmodium";"mature";0,0646950092421442;0,0314232902033272;0,0646950092421442;0,0831792975970425;0,0462107208872458;0,0462107208872458;0,0166358595194085;0,0480591497227357;0,0924214417744917;0,0573012939001848;0,033271719038817;0,0757855822550832;0,0499075785582255;0,0388170055452865;0,044362292051756;0,0646950092421442;0,0369685767097967;0,0517560073937153;0,00924214417744917;0,044362292051756
"39";TRUE;TRUE;"ASP_PLAFS";"plasmodium";"signal";0;0;0;0;0,523809523809524;0;0;0,142857142857143;0,0476190476190476;0,0476190476190476;0;0;0;0,0476190476190476;0;0;0;0,0952380952380952;0;0,0952380952380952
"40";TRUE;TRUE;"ASP_PLAFS";"plasmodium";"mature";0,025974025974026;0,00865800865800866;0,216450216450216;0,0952380952380952;0,051948051948052;0,0346320346320346;0,025974025974026;0,0735930735930736;0,0909090909090909;0,0735930735930736;0,012987012987013;0,0649350649350649;0,038961038961039;0,0303030303030303;0,025974025974026;0,0216450216450216;0,0346320346320346;0,0346320346320346;0,0216450216450216;0,0173160173160173
"41";TRUE;TRUE;"CRA_PLAFA";"plasmodium";"signal";0,0666666666666667;0;0;0;0,333333333333333;0;0;0,2;0,0666666666666667;0,2;0;0;0;0;0;0,0666666666666667;0;0,0666666666666667;0;0
"42";TRUE;TRUE;"CRA_PLAFA";"plasmodium";"mature";0,0547945205479452;0;0,0753424657534247;0,0821917808219178;0,00684931506849315;0,102739726027397;0,0205479452054795;0,0273972602739726;0,10958904109589;0,089041095890411;0,00684931506849315;0,0753424657534247;0,0616438356164384;0,0273972602739726;0,0136986301369863;0,0958904109589041;0,0479452054794521;0,089041095890411;0;0,0136986301369863
"43";TRUE;TRUE;"GRP78_PLAFO";"plasmodium";"signal";0,0434782608695652;0;0,0434782608695652;0;0,0434782608695652;0;0;0,173913043478261;0,0434782608695652;0,217391304347826;0;0,0434782608695652;0,0434782608695652;0,0434782608695652;0,0434782608695652;0,130434782608696;0;0,0869565217391304;0;0,0434782608695652
"44";TRUE;TRUE;"GRP78_PLAFO";"plasmodium";"mature";0,0665610142630745;0,00316957210776545;0,0776545166402536;0,0855784469096672;0,0364500792393027;0,0697305863708399;0,00950871632329636;0,0839936608557845;0,098256735340729;0,0776545166402536;0,0110935023771791;0,0570522979397781;0,0380348652931854;0,0443740095087163;0,0364500792393027;0,0396196513470681;0,0602218700475436;0,0824088748019017;0,00158478605388273;0,0206022187004754
"45";FALSE;FALSE;"HRP2_PLAFA";"plasmodium";"signal";0,15;0;0;0;0,1;0;0;0;0,1;0,2;0;0,05;0;0;0;0,2;0;0,2;0;0
"46";FALSE;FALSE;"HRP2_PLAFA";"plasmodium";"mature";0,295454545454545;0,00454545454545455;0,0863636363636364;0,00909090909090909;0,0227272727272727;0,0363636363636364;0,309090909090909;0;0,0181818181818182;0,0318181818181818;0;0,127272727272727;0;0,00454545454545455;0,00454545454545455;0,0272727272727273;0,0136363636363636;0,00909090909090909;0;0
"47";TRUE;TRUE;"MSP1_PLAFM";"plasmodium";"signal";0;0,111111111111111;0;0;0,277777777777778;0;0;0,222222222222222;0,0555555555555556;0,111111111111111;0;0,0555555555555556;0;0,0555555555555556;0;0,0555555555555556;0,0555555555555556;0;0;0
"48";TRUE;TRUE;"MSP1_PLAFM";"plasmodium";"mature";0,0326991676575505;0,0101070154577883;0,0600475624256837;0,089179548156956;0,0326991676575505;0,0374554102259215;0,0172413793103448;0,0630202140309156;0,125445897740785;0,110582639714625;0,0101070154577883;0,0868014268727705;0,0356718192627824;0,0356718192627824;0,0130796670630202;0,0820451843043995;0,0636147443519619;0,0523186682520809;0;0,0422116527942925
"49";TRUE;TRUE;"OS25_PLARE";"plasmodium";"signal";0;0;0;0;0,2;0;0;0,0666666666666667;0,0666666666666667;0,333333333333333;0;0,0666666666666667;0;0,0666666666666667;0;0,133333333333333;0;0;0;0,0666666666666667
"50";TRUE;TRUE;"OS25_PLARE";"plasmodium";"mature";0,0248756218905473;0,114427860696517;0,0696517412935323;0,0597014925373134;0,0398009950248756;0,0597014925373134;0,00497512437810945;0,0646766169154229;0,119402985074627;0,0646766169154229;0,0199004975124378;0,0895522388059701;0,0248756218905473;0,00497512437810945;0;0,0646766169154229;0,0597014925373134;0,0845771144278607;0;0,0298507462686567
"51";TRUE;TRUE;"OS28_PLAGA";"plasmodium";"signal";0,1;0;0;0;0,2;0;0;0,3;0,05;0,1;0;0;0,05;0,05;0;0,05;0,05;0;0;0,05
"52";TRUE;TRUE;"OS28_PLAGA";"plasmodium";"mature";0,0398009950248756;0,0995024875621891;0,0746268656716418;0,0696517412935323;0,0199004975124378;0,0995024875621891;0,0149253731343284;0,0646766169154229;0,0845771144278607;0,0497512437810945;0,00995024875621891;0,104477611940299;0,0447761194029851;0,0149253731343284;0,0149253731343284;0,0646766169154229;0,0348258706467662;0,0298507462686567;0,00497512437810945;0,0597014925373134
"53";TRUE;FALSE;"P230P_PLAF7";"plasmodium";"signal";0;0;0,0303030303030303;0;0,303030303030303;0;0;0,0606060606060606;0,0909090909090909;0,151515151515152;0,0303030303030303;0;0;0;0,0303030303030303;0;0,0606060606060606;0,0606060606060606;0;0,181818181818182
"54";TRUE;FALSE;"P230P_PLAF7";"plasmodium";"mature";0,0117219078415521;0,0230396119644301;0,061034761519806;0,0711398544866613;0,0549717057396928;0,0331447049312854;0,0218270008084074;0,109135004042037;0,112368633791431;0,0723524656426839;0,0113177041228779;0,100646725949879;0,0323362974939369;0,0230396119644301;0,0214227970897332;0,0788197251414713;0,0537590945836702;0,0448666127728375;0,00282942603071948;0,0602263540824576
"55";TRUE;TRUE;"P4548_PLAF7";"plasmodium";"signal";0,115384615384615;0;0;0;0,0384615384615385;0,0384615384615385;0;0,192307692307692;0,0769230769230769;0,153846153846154;0,0384615384615385;0;0;0,0384615384615385;0,0384615384615385;0,0769230769230769;0;0,115384615384615;0;0,0769230769230769
"56";TRUE;TRUE;"P4548_PLAF7";"plasmodium";"mature";0,0237529691211401;0,0380047505938242;0,0570071258907363;0,0783847980997625;0,0665083135391924;0,0356294536817102;0,0237529691211401;0,0973871733966746;0,0926365795724466;0,0736342042755344;0,00712589073634204;0,0783847980997625;0,0427553444180523;0,0118764845605701;0,0190023752969121;0,0855106888361045;0,0546318289786223;0,0570071258907363;0;0,0570071258907363
"57";TRUE;TRUE;"P4548_PLABA";"plasmodium";"signal";0;0;0;0;0,379310344827586;0,0689655172413793;0;0,0344827586206897;0,0344827586206897;0,103448275862069;0;0,0344827586206897;0;0;0,0344827586206897;0,103448275862069;0;0,103448275862069;0;0,103448275862069
"58";TRUE;TRUE;"P4548_PLABA";"plasmodium";"mature";0,0305882352941176;0,0352941176470588;0,0658823529411765;0,0682352941176471;0,0611764705882353;0,04;0,0164705882352941;0,122352941176471;0,0917647058823529;0,0729411764705882;0,0117647058823529;0,0847058823529412;0,04;0,0282352941176471;0,0141176470588235;0,0635294117647059;0,0470588235294118;0,04;0,00235294117647059;0,0635294117647059
"59";TRUE;TRUE;"PF12P_PLAF7";"plasmodium";"signal";0,0526315789473684;0,0526315789473684;0;0;0,315789473684211;0;0,0526315789473684;0,263157894736842;0;0,0526315789473684;0;0;0,0526315789473684;0;0;0,105263157894737;0;0,0526315789473684;0;0
"60";TRUE;TRUE;"PF12P_PLAF7";"plasmodium";"mature";0,00854700854700855;0,0341880341880342;0,0769230769230769;0,0512820512820513;0,0712250712250712;0,037037037037037;0,0256410256410256;0,105413105413105;0,0769230769230769;0,0740740740740741;0,0170940170940171;0,173789173789174;0,0398860398860399;0,0142450142450142;0,0256410256410256;0,0427350427350427;0,0427350427350427;0,0341880341880342;0;0,0484330484330484
"61";TRUE;TRUE;"PF07_PLAF7";"plasmodium";"signal";0;0,05;0;0;0,15;0;0;0,3;0;0,1;0;0,1;0;0,05;0;0,1;0;0;0;0,15
"62";TRUE;TRUE;"PF07_PLAF7";"plasmodium";"mature";0,0136612021857923;0,00910746812386157;0,0765027322404372;0,0710382513661202;0,0500910746812386;0,0200364298724954;0,0227686703096539;0,092896174863388;0,111111111111111;0,0846994535519126;0,0209471766848816;0,146630236794171;0,0136612021857923;0,034608378870674;0,0264116575591985;0,0655737704918033;0,0373406193078324;0,0437158469945355;0,000910746812386157;0,058287795992714
"63";FALSE;FALSE;"PF36P_PLAF7";"plasmodium";"signal";0;0,025;0;0;0,2;0;0,05;0,15;0,075;0,1;0,05;0,125;0;0;0,025;0,025;0,025;0,075;0;0,075
"64";FALSE;FALSE;"PF36P_PLAF7";"plasmodium";"mature";0,0137299771167048;0,0297482837528604;0,0732265446224256;0,0503432494279176;0,045766590389016;0,0251716247139588;0,0274599542334096;0,0846681922196796;0,0778032036613272;0,0640732265446224;0,0160183066361556;0,164759725400458;0,0274599542334096;0,0205949656750572;0,0297482837528604;0,0869565217391304;0,0503432494279176;0,0411899313501144;0,0022883295194508;0,068649885583524
"65";TRUE;TRUE;"PF38_PLAF7";"plasmodium";"signal";0;0,1;0;0;0,05;0,1;0;0,3;0,1;0,05;0;0;0;0;0,05;0,05;0,1;0,05;0,05;0
"66";TRUE;TRUE;"PF38_PLAF7";"plasmodium";"mature";0,0121951219512195;0,0304878048780488;0,0609756097560976;0,0670731707317073;0,0731707317073171;0,0365853658536585;0,0152439024390244;0,0579268292682927;0,0762195121951219;0,0640243902439024;0,024390243902439;0,0945121951219512;0,0365853658536585;0,0182926829268293;0,0457317073170732;0,0884146341463415;0,0426829268292683;0,0975609756097561;0,00304878048780488;0,0548780487804878
"67";TRUE;TRUE;"PF36_PLAYO";"plasmodium";"signal";0,0434782608695652;0,0869565217391304;0;0;0,0869565217391304;0;0;0,0869565217391304;0,0434782608695652;0,173913043478261;0,0869565217391304;0;0,0434782608695652;0;0,0434782608695652;0,0434782608695652;0,0434782608695652;0,0434782608695652;0;0,173913043478261
"68";TRUE;TRUE;"PF36_PLAYO";"plasmodium";"mature";0,0314685314685315;0,041958041958042;0,0594405594405594;0,041958041958042;0,034965034965035;0,0629370629370629;0,013986013986014;0,101398601398601;0,0874125874125874;0,0664335664335664;0,013986013986014;0,125874125874126;0,0524475524475524;0,013986013986014;0,013986013986014;0,048951048951049;0,0594405594405594;0,048951048951049;0;0,0804195804195804
"69";TRUE;TRUE;"PF92_PLAF7";"plasmodium";"signal";0,08;0,08;0;0;0,12;0;0;0,08;0,08;0,24;0;0,08;0;0,04;0;0,08;0,04;0,08;0;0
"70";TRUE;TRUE;"PF92_PLAF7";"plasmodium";"mature";0,0181818181818182;0,0181818181818182;0,0571428571428571;0,061038961038961;0,0558441558441558;0,038961038961039;0,0207792207792208;0,0896103896103896;0,0896103896103896;0,074025974025974;0,0142857142857143;0,101298701298701;0,0285714285714286;0,025974025974026;0,0207792207792208;0,0675324675324675;0,0675324675324675;0,0701298701298701;0,00519480519480519;0,0753246753246753
"71";TRUE;TRUE;"PF36P_PLABA";"plasmodium";"signal";0,0476190476190476;0,0952380952380952;0;0;0,19047619047619;0;0;0,0476190476190476;0,0952380952380952;0,0952380952380952;0,0476190476190476;0;0;0;0,142857142857143;0,0476190476190476;0;0,0476190476190476;0;0,142857142857143
"72";TRUE;TRUE;"PF36P_PLABA";"plasmodium";"mature";0,0238663484486874;0,0286396181384248;0,0644391408114559;0,0596658711217184;0,045346062052506;0,0429594272076372;0,035799522673031;0,0883054892601432;0,0906921241050119;0,0572792362768496;0,0262529832935561;0,133651551312649;0,0381861575178998;0,00477326968973747;0,0214797136038186;0,081145584725537;0,0429594272076372;0,0381861575178998;0,00477326968973747;0,0715990453460621
"73";FALSE;FALSE;"PF36_PLABA";"plasmodium";"signal";0,107142857142857;0;0;0,0357142857142857;0,142857142857143;0;0,0357142857142857;0,0714285714285714;0,0357142857142857;0,0714285714285714;0,0357142857142857;0,0714285714285714;0;0,0714285714285714;0,0357142857142857;0,0714285714285714;0,0357142857142857;0,0357142857142857;0;0,142857142857143
"74";FALSE;FALSE;"PF36_PLABA";"plasmodium";"mature";0,0247678018575851;0,043343653250774;0,0557275541795666;0,0402476780185759;0,0495356037151703;0,0526315789473684;0,0278637770897833;0,114551083591331;0,086687306501548;0,0804953560371517;0,021671826625387;0,102167182662539;0,043343653250774;0,0123839009287926;0,00619195046439629;0,0557275541795666;0,0526315789473684;0,0464396284829721;0;0,0835913312693498
"75";FALSE;FALSE;"PF36_PLAF7";"plasmodium";"signal";0,09375;0;0;0,0625;0,09375;0;0,03125;0,09375;0;0,09375;0,03125;0,125;0,03125;0;0;0,0625;0,03125;0,09375;0,03125;0,125
"76";FALSE;FALSE;"PF36_PLAF7";"plasmodium";"mature";0,0144508670520231;0,0433526011560694;0,0375722543352601;0,0635838150289017;0,0867052023121387;0,046242774566474;0,023121387283237;0,0867052023121387;0,0867052023121387;0,0606936416184971;0,023121387283237;0,109826589595376;0,0433526011560694;0,023121387283237;0,0202312138728324;0,046242774566474;0,046242774566474;0,069364161849711;0,00578034682080925;0,0635838150289017
"77";TRUE;FALSE;"PFS47_PLABA";"plasmodium";"signal";0,0526315789473684;0;0;0;0,105263157894737;0,157894736842105;0;0,157894736842105;0,105263157894737;0,105263157894737;0;0;0;0;0;0,105263157894737;0,0526315789473684;0,0526315789473684;0;0,105263157894737
"78";TRUE;FALSE;"PFS47_PLABA";"plasmodium";"mature";0,024330900243309;0,0340632603406326;0,0535279805352798;0,0583941605839416;0,048661800486618;0,0535279805352798;0,024330900243309;0,109489051094891;0,102189781021898;0,0851581508515815;0,0121654501216545;0,0924574209245742;0,0413625304136253;0,0170316301703163;0,0194647201946472;0,072992700729927;0,0437956204379562;0,0559610705596107;0;0,0510948905109489
"79";TRUE;TRUE;"PFS47_PLAF7";"plasmodium";"signal";0;0,04;0;0;0,12;0,04;0;0,24;0,08;0,08;0,08;0,04;0;0;0,04;0,12;0;0,04;0,04;0,04
"80";TRUE;TRUE;"PFS47_PLAF7";"plasmodium";"mature";0,0193704600484262;0,0338983050847458;0,0484261501210654;0,0677966101694915;0,0387409200968523;0,0411622276029056;0,0217917675544794;0,116222760290557;0,11864406779661;0,0799031476997579;0,0217917675544794;0,0944309927360775;0,0411622276029056;0,0193704600484262;0,00968523002421308;0,062953995157385;0,0556900726392252;0,0435835351089588;0,00242130750605327;0,062953995157385
"81";TRUE;TRUE;"PVDB_PLAKN";"plasmodium";"signal";0,05;0;0;0,05;0,1;0,05;0,05;0;0,2;0,3;0;0;0,05;0;0,05;0,05;0;0,05;0;0
"82";TRUE;TRUE;"PVDB_PLAKN";"plasmodium";"mature";0,0406360424028269;0,019434628975265;0,0786219081272085;0,0892226148409894;0,0229681978798587;0,0591872791519435;0,019434628975265;0,0547703180212014;0,0812720848056537;0,0591872791519435;0,0220848056537102;0,0936395759717314;0,0212014134275618;0,0397526501766784;0,0415194346289753;0,0954063604240283;0,0715547703180212;0,0441696113074205;0,0106007067137809;0,0353356890459364
"83";TRUE;TRUE;"RBP1_PLAF7";"plasmodium";"signal";0,0454545454545455;0,0454545454545455;0;0,0909090909090909;0,0909090909090909;0;0,0909090909090909;0,181818181818182;0;0,136363636363636;0;0,0454545454545455;0;0,0454545454545455;0,0454545454545455;0,0454545454545455;0;0,0454545454545455;0,0454545454545455;0,0454545454545455
"84";TRUE;TRUE;"RBP1_PLAF7";"plasmodium";"mature";0,0105156037991859;0,00373134328358209;0,0658073270013569;0,0834464043419267;0,0271370420624152;0,00814111261872456;0,0305291723202171;0,133649932157395;0,140094979647218;0,0780189959294437;0,0169606512890095;0,14246947082768;0,00474898236092266;0,0698778833107191;0,0118724559023066;0,0413839891451832;0,0457937584803256;0,0257801899592944;0,00135685210312076;0,0586838534599729
"85";TRUE;TRUE;"RBP1_PLAVB";"plasmodium";"signal";0,142857142857143;0,0952380952380952;0;0;0,0476190476190476;0,19047619047619;0,0476190476190476;0,0476190476190476;0,0476190476190476;0,238095238095238;0;0,0476190476190476;0;0;0,0476190476190476;0;0;0;0;0,0476190476190476
"86";TRUE;TRUE;"RBP1_PLAVB";"plasmodium";"mature";0,0466026325151192;0,00533617929562433;0,0651013874066169;0,135894699395233;0,0245464247598719;0,031661330487371;0,0167200284596229;0,0697260761294913;0,12202063322661;0,0821771611526147;0,0277481323372465;0,0775524724297403;0,00711490572749911;0,0362860192102455;0,0273923870508716;0,0857346140163643;0,0498043400924938;0,0519388118107435;0,00106723585912487;0,0355745286374956
"87";TRUE;TRUE;"RBP3_PLAF7";"plasmodium";"signal";0;0,0434782608695652;0;0,0434782608695652;0;0,0434782608695652;0,0434782608695652;0,217391304347826;0,0869565217391304;0,217391304347826;0;0;0;0,0434782608695652;0,0869565217391304;0,0434782608695652;0,0434782608695652;0;0;0,0869565217391304
"88";TRUE;TRUE;"RBP3_PLAF7";"plasmodium";"mature";0,0198699421965318;0,00686416184971098;0,0639450867052023;0,0960982658959538;0,0310693641618497;0,0202312138728324;0,0184248554913295;0,105491329479769;0,123554913294798;0,0953757225433526;0,0249277456647399;0,146676300578035;0,00867052023121387;0,0234826589595376;0,0223988439306358;0,0668352601156069;0,0382947976878613;0,0364884393063584;0,00180635838150289;0,0494942196531792
"89";TRUE;TRUE;"RBP2_PLAVB";"plasmodium";"signal";0,05;0,05;0;0,05;0,1;0;0;0,1;0,05;0,2;0;0,1;0;0;0;0,05;0;0,15;0,05;0,05
"90";TRUE;TRUE;"RBP2_PLAVB";"plasmodium";"mature";0,039353478566409;0,00351370344342937;0,0667603654251581;0,114195361911455;0,0260014054813774;0,0221363316936051;0,0252986647926915;0,084328882642305;0,132466619817287;0,0818692902319044;0,0172171468728039;0,104005621925509;0,0115952213633169;0,0418130709768096;0,0200281096275474;0,0755446240337315;0,0628952916373858;0,0411103302881237;0,000702740688685875;0,0291637385804638
"91";TRUE;TRUE;"SANT_PLAF7";"plasmodium";"signal";0;0,0454545454545455;0;0;0,0909090909090909;0,0454545454545455;0;0,136363636363636;0,0454545454545455;0,181818181818182;0;0,0454545454545455;0;0;0,0454545454545455;0,0454545454545455;0,0909090909090909;0,0454545454545455;0;0,181818181818182
"92";TRUE;TRUE;"SANT_PLAF7";"plasmodium";"mature";0,00355871886120996;0;0,113879003558719;0,183274021352313;0,00177935943060498;0,163701067615658;0,00533807829181495;0,00889679715302491;0,0765124555160142;0,0124555160142349;0,00355871886120996;0,122775800711744;0;0,00533807829181495;0,0622775800711744;0,119217081850534;0,00711743772241993;0,103202846975089;0;0,00711743772241993
"93";TRUE;TRUE;"SSP2_PLAYO";"plasmodium";"signal";0;0,0476190476190476;0;0;0,0952380952380952;0,0476190476190476;0;0,0952380952380952;0,0952380952380952;0,285714285714286;0;0,0476190476190476;0;0;0;0,0952380952380952;0;0,142857142857143;0;0,0476190476190476
"94";TRUE;TRUE;"SSP2_PLAYO";"plasmodium";"mature";0,0260869565217391;0,0136645962732919;0,0422360248447205;0,0968944099378882;0,00745341614906832;0,0385093167701863;0,0111801242236025;0,0596273291925466;0,0571428571428571;0,0422360248447205;0,0062111801242236;0,217391304347826;0,186335403726708;0,0161490683229814;0,0260869565217391;0,0732919254658385;0,0211180124223602;0,0322981366459627;0,0062111801242236;0,0198757763975155
"95";TRUE;TRUE;"SSSP_PLAFO";"plasmodium";"signal";0,125;0;0;0;0,166666666666667;0;0;0,125;0,0416666666666667;0,208333333333333;0,0416666666666667;0,0833333333333333;0,0416666666666667;0;0,0416666666666667;0,0833333333333333;0;0,0416666666666667;0;0
"96";TRUE;TRUE;"SSSP_PLAFO";"plasmodium";"mature";0,0681818181818182;0;0,121212121212121;0,0378787878787879;0,00757575757575758;0,106060606060606;0,00757575757575758;0,0606060606060606;0,128787878787879;0,0833333333333333;0,0303030303030303;0,0606060606060606;0,0378787878787879;0,0303030303030303;0,00757575757575758;0,106060606060606;0,0681818181818182;0,0378787878787879;0;0
"97";TRUE;FALSE;"TIP_PLAF7";"plasmodium";"signal";0;0,0645161290322581;0;0;0,0645161290322581;0;0;0,193548387096774;0,0967741935483871;0,193548387096774;0;0,129032258064516;0;0,032258064516129;0;0,0645161290322581;0,032258064516129;0,0645161290322581;0;0,0645161290322581
"98";TRUE;FALSE;"TIP_PLAF7";"plasmodium";"mature";0,0232896652110626;0,0174672489082969;0,0786026200873362;0,0567685589519651;0,0640465793304221;0,0553129548762737;0,0145560407569141;0,0931586608442504;0,0902474526928675;0,0786026200873362;0,00436681222707424;0,0931586608442504;0,0291120815138282;0,0262008733624454;0,0160116448326055;0,0786026200873362;0,0422125181950509;0,0640465793304221;0,0131004366812227;0,0611353711790393
"99";TRUE;TRUE;"TIP_PLAYO";"plasmodium";"signal";0;0,0357142857142857;0;0,0357142857142857;0;0,0357142857142857;0;0,0714285714285714;0,107142857142857;0,321428571428571;0;0,0714285714285714;0;0;0,0357142857142857;0,0714285714285714;0,0357142857142857;0,107142857142857;0;0,0714285714285714
"100";TRUE;TRUE;"TIP_PLAYO";"plasmodium";"mature";0,0297619047619048;0,0178571428571429;0,0863095238095238;0,0580357142857143;0,0625;0,0505952380952381;0,0163690476190476;0,0982142857142857;0,0818452380952381;0,0758928571428571;0,0133928571428571;0,0818452380952381;0,0297619047619048;0,0223214285714286;0,0163690476190476;0,0967261904761905;0,0476190476190476;0,0520833333333333;0,0119047619047619;0,0505952380952381
"101";TRUE;TRUE;"TRAP_PLAFA";"plasmodium";"signal";0;0;0,0416666666666667;0;0,166666666666667;0,0833333333333333;0,0416666666666667;0,0833333333333333;0,0416666666666667;0,208333333333333;0;0,125;0;0;0;0;0;0,166666666666667;0;0,0416666666666667
"102";TRUE;TRUE;"TRAP_PLAFA";"plasmodium";"mature";0,0449438202247191;0,0224719101123595;0,0842696629213483;0,102996254681648;0,0187265917602996;0,052434456928839;0,0224719101123595;0,052434456928839;0,0711610486891386;0,0674157303370786;0,00561797752808989;0,106741573033708;0,0898876404494382;0,0355805243445693;0,0543071161048689;0,0580524344569288;0,0224719101123595;0,0561797752808989;0,0112359550561798;0,0205992509363296
